--
-- PostgreSQL database dump
--

\restrict lb1pSFwqxliQnXMrZP5BwOorKBEtFwt9HfoihgAMpNFt6hf5A6YDqT7pymSaWVJ

-- Dumped from database version 18.4
-- Dumped by pg_dump version 18.4

SET statement_timeout = 0;
SET lock_timeout = 0;
SET idle_in_transaction_session_timeout = 0;
SET transaction_timeout = 0;
SET client_encoding = 'UTF8';
SET standard_conforming_strings = on;
SELECT pg_catalog.set_config('search_path', '', false);
SET check_function_bodies = false;
SET xmloption = content;
SET client_min_messages = warning;
SET row_security = off;

SET default_tablespace = '';

SET default_table_access_method = heap;

--
-- Name: activities; Type: TABLE; Schema: public; Owner: postgres
--

CREATE TABLE public.activities (
    id integer NOT NULL,
    inventory_id character varying(50) NOT NULL,
    type character varying(20),
    item_id text,
    activity_name text,
    class character varying(10),
    class_1 character varying(10),
    pax integer,
    machine integer,
    time_min double precision,
    sort_order integer
);


ALTER TABLE public.activities OWNER TO postgres;

--
-- Name: activities_id_seq; Type: SEQUENCE; Schema: public; Owner: postgres
--

CREATE SEQUENCE public.activities_id_seq
    AS integer
    START WITH 1
    INCREMENT BY 1
    NO MINVALUE
    NO MAXVALUE
    CACHE 1;


ALTER SEQUENCE public.activities_id_seq OWNER TO postgres;

--
-- Name: activities_id_seq; Type: SEQUENCE OWNED BY; Schema: public; Owner: postgres
--

ALTER SEQUENCE public.activities_id_seq OWNED BY public.activities.id;


--
-- Name: line_activities; Type: TABLE; Schema: public; Owner: postgres
--

CREATE TABLE public.line_activities (
    id integer NOT NULL,
    production_line_code character varying(20) NOT NULL,
    activity_name text NOT NULL,
    sort_order integer NOT NULL,
    stage character varying(10)
);


ALTER TABLE public.line_activities OWNER TO postgres;

--
-- Name: line_activities_id_seq; Type: SEQUENCE; Schema: public; Owner: postgres
--

CREATE SEQUENCE public.line_activities_id_seq
    AS integer
    START WITH 1
    INCREMENT BY 1
    NO MINVALUE
    NO MAXVALUE
    CACHE 1;


ALTER SEQUENCE public.line_activities_id_seq OWNER TO postgres;

--
-- Name: line_activities_id_seq; Type: SEQUENCE OWNED BY; Schema: public; Owner: postgres
--

ALTER SEQUENCE public.line_activities_id_seq OWNED BY public.line_activities.id;


--
-- Name: production_lines; Type: TABLE; Schema: public; Owner: postgres
--

CREATE TABLE public.production_lines (
    production_line_code character varying(20) NOT NULL,
    production_line_name text NOT NULL
);


ALTER TABLE public.production_lines OWNER TO postgres;

--
-- Name: products; Type: TABLE; Schema: public; Owner: postgres
--

CREATE TABLE public.products (
    inventory_id character varying(50) NOT NULL,
    revision_descr text,
    revision character varying(10),
    notes text,
    bm_production_line text,
    bm_production_line_code character varying(20),
    fg_production_line text,
    fg_production_line_code character varying(20),
    product_type character varying(50),
    quantity double precision
);


ALTER TABLE public.products OWNER TO postgres;

--
-- Name: activities id; Type: DEFAULT; Schema: public; Owner: postgres
--

ALTER TABLE ONLY public.activities ALTER COLUMN id SET DEFAULT nextval('public.activities_id_seq'::regclass);


--
-- Name: line_activities id; Type: DEFAULT; Schema: public; Owner: postgres
--

ALTER TABLE ONLY public.line_activities ALTER COLUMN id SET DEFAULT nextval('public.line_activities_id_seq'::regclass);


--
-- Data for Name: activities; Type: TABLE DATA; Schema: public; Owner: postgres
--

COPY public.activities (id, inventory_id, type, item_id, activity_name, class, class_1, pax, machine, time_min, sort_order) FROM stdin;
637	1AF2202L	Labor	L01 LABELING/CODING	L01 LABELING/CODING	DL	DL	1	1	0.1245	1
638	1AF2202L	Labor	L01 FILLING	L01 FILLING	DL	DL	2	1	0.1499	2
639	1AF29233	Labor	L01 LABELING/CODING	L01 LABELING/CODING	DL	DL	1	1	0.1245	1
640	1AF29233	Labor	L01 FILLING	L01 FILLING	DL	DL	2	1	0.063	2
641	1APC2009	Labor	L06 LABELING/CODING	L06 LABELING/CODING	DL	DL	1	1	0.464	1
642	1APC2010	Labor	L06 LABELING/CODING	L06 LABELING/CODING	DL	DL	1	1	0.1305	1
643	1APC2012	Labor	L06 LABELING/CODING	L06 LABELING/CODING	DL	DL	1	1	0.115	1
644	1APC2016	Labor	L06 LABELING/CODING	L06 LABELING/CODING	DL	DL	1	1	0.108	1
645	1APC2019	Labor	L06 LABELING/CODING	L06 LABELING/CODING	DL	DL	1	1	0.104	1
649	1BBA6A1I01	Labor	L04B LABELING/CODING	L04B LABELING/CODING	DL	DL	1	1	0.022	1
650	1BBI9B14	Labor	L04B CODING	L04B CODING	DL	DL	1	1	0.0167	1
651	1BBT3A9A01	Labor	L02 LABELING/CODING	L02 LABELING/CODING	DL	DL	1	1	1	1
652	1BCD4123	Labor	L14 FILLING	L14 FILLING	DL	DL	2	1	1.6828	1
653	1BCR5A2Q01	Labor	L12 FILLING	L12 FILLING	DL	DL	2	1	1.234	1
654	1BGR612J	Labor	L01 LABELING/CODING	L01 LABELING/CODING	DL	DL	1	1	0.1	1
655	1BGR612J	Labor	L01 FILLING	L01 FILLING	DL	DL	2	1	2	2
656	1BSC9229	Labor	L01 LABELING/CODING	L01 LABELING/CODING	DL	DL	1	1	0.09	1
657	1BSC9229	Labor	L01 PACKING/PALLETIZ	L01 PACKING/PALLETIZ	DL	DL	2	0	0.024	2
658	1BWW434L	Labor	L01 LABELING/CODING	L01 LABELING/CODING	DL	DL	1	1	0.0625	1
659	1BWW434L	Labor	L01 PACKING/PALLETIZ	L01 PACKING/PALLETIZ	DL	DL	2	0	0.0625	2
660	1BWW612J	Labor	L01 LABELING/CODING	L01 LABELING/CODING	DL	DL	1	1	0.0625	1
661	1CB1304W	Labor	L10 LABELING/CODING	L10 LABELING/CODING	DL	DL	1	1	0.067	1
662	1CB3325B	Labor	L02 FILLING	L02 FILLING	DL	DL	2	1	2.2236	1
663	1CB43260	Labor	L02 FILLING	L02 FILLING	DL	DL	2	1	2.2236	1
664	1CB5325B	Labor	L02 FILLING	L02 FILLING	DL	DL	2	1	2.2236	1
665	1CB6325B	Labor	L02 FILLING	L02 FILLING	DL	DL	2	1	2.2236	1
666	1CBE1A2H01	Labor	L12 LABELING/CODING	L12 LABELING/CODING	DL	DL	1	1	0.151	1
667	1CEC2009	Labor	L12 LABELING/CODING	L12 LABELING/CODING	DL	DL	1	1	0.3239	1
668	1CEC2010	Labor	L12 LABELING/CODING	L12 LABELING/CODING	DL	DL	1	1	0.2561	1
669	1CEC2012	Labor	L12 LABELING/CODING	L12 LABELING/CODING	DL	DL	1	1	0.2392	1
670	1CHV1A5A01	Labor	L06 LABELING/CODING	L06 LABELING/CODING	DL	DL	1	1	0.1037	1
671	1CLC2009	Labor	L12 LABELING/CODING	L12 LABELING/CODING	DL	DL	1	1	0.3239	1
672	1CLC2010	Labor	L12 LABELING/CODING	L12 LABELING/CODING	DL	DL	1	1	0.2561	1
673	1CLV1A5A01	Labor	L12 LABELING/CODING	L12 LABELING/CODING	DL	DL	1	1	0.1037	1
674	1COD1A1A01	Labor	L01 LABELING/CODING	L01 LABELING/CODING	DL	DL	1	1	0.0833	1
675	1CTA610N	Labor	L13 LABELING/CODING	L13 LABELING/CODING	DL	DL	1	1	0.1111	1
676	1DSC2009	Labor	L12 LABELING/CODING	L12 LABELING/CODING	DL	DL	1	1	0.3239	1
677	1DSC2010	Labor	L12 LABELING/CODING	L12 LABELING/CODING	DL	DL	1	1	0.256	1
678	1E2M2029	Labor	L04B CODING	L04B CODING	DL	DL	1	1	0.0741	1
679	1E2M2033	Labor	L04B CODING	L04B CODING	DL	DL	1	1	0.0426	1
680	1E2M2036	Labor	L04B LABELING/CODING	L04B LABELING/CODING	DL	DL	1	1	0.077	1
681	1E2M204Q	Labor	L04B LABELING/CODING	L04B LABELING/CODING	DL	DL	1	1	0.077	1
682	1E2M5843	Labor	L04B LABELING/CODING	L04B LABELING/CODING	DL	DL	1	1	0.022	1
683	1E3P5843	Labor	L04B LABELING/CODING	L04B LABELING/CODING	DL	DL	1	1	0.022	1
684	1E3P5846	Labor	L04B LABELING/CODING	L04B LABELING/CODING	DL	DL	1	1	0.022	1
685	1E3P929G	Labor	L04B LABELING/CODING	L04B LABELING/CODING	DL	DL	1	1	0.0845	1
686	1E3P929H	Labor	L04B LABELING/CODING	L04B LABELING/CODING	DL	DL	1	1	0.0845	1
687	1EFC202L	Labor	L01 LABELING/CODING	L01 LABELING/CODING	DL	DL	1	1	0.0625	1
688	1EFC202L	Labor	L01 PACKING/PALLETIZ	L01 PACKING/PALLETIZ	DL	DL	2	0	0.0625	2
689	1EFG2009	Labor	L01 LABELING/CODING	L01 LABELING/CODING	DL	DL	1	1	0.0625	1
690	1EFG2009	Labor	L01 TINTING	L01 TINTING	DL	DL	1	1	0.75	2
691	1ELB202L	Labor	L01 LABELING/CODING	L01 LABELING/CODING	DL	DL	1	1	0.0625	1
692	1ELB202L	Labor	L01 FILLING	L01 FILLING	DL	DL	2	1	0.44	2
693	1EMW202L	Labor	L01 LABELING/CODING	L01 LABELING/CODING	DL	DL	1	1	0.0625	1
694	1EMW202L	Labor	L01 FILLING	L01 FILLING	DL	DL	2	1	0.44	2
695	1ENC2009	Labor	L06 LABELING/CODING	L06 LABELING/CODING	DL	DL	1	1	0.464	1
696	1ENC2010	Labor	L06 LABELING/CODING	L06 LABELING/CODING	DL	DL	1	1	0.1305	1
697	1ENC2012	Labor	L06 LABELING/CODING	L06 LABELING/CODING	DL	DL	1	1	0.1152	1
698	1ENC2016	Labor	L06 LABELING/CODING	L06 LABELING/CODING	DL	DL	1	1	0.1076	1
699	1ENC2019	Labor	L06 LABELING/CODING	L06 LABELING/CODING	DL	DL	1	1	0.103	1
700	1EPA202L	Labor	L01 LABELING/CODING	L01 LABELING/CODING	DL	DL	1	1	0.0625	1
701	1EPA202L	Labor	L01 FILLING	L01 FILLING	DL	DL	2	1	0.44	2
702	1EPB202L	Labor	L01 LABELING/CODING	L01 LABELING/CODING	DL	DL	1	1	0.072	1
703	1EPB202L	Labor	L01 FILLING	L01 FILLING	DL	DL	2	1	0.44	2
704	1EPC202L	Labor	L01 LABELING/CODING	L01 LABELING/CODING	DL	DL	1	1	0.0625	1
705	1EPC202L	Labor	L01 PACKING/PALLETIZ	L01 PACKING/PALLETIZ	DL	DL	2	0	0.0625	2
706	1EPE1A5E22	Labor	L01 LABELING/CODING	L01 LABELING/CODING	DL	DL	1	1	0.1	1
707	1EPE1A5E22	Labor	L01 LETDOWN	L01 LETDOWN	DL	DL	1	1	0.1667	2
708	1EPE1A5E22	Labor	L01 PACKING/PALLETIZ	L01 PACKING/PALLETIZ	DL	DL	2	0	0.0625	3
709	1EPE1A5E23	Labor	L01 LABELING/CODING	L01 LABELING/CODING	DL	DL	1	1	0.1	1
710	1EPE1A5E23	Labor	L01 LETDOWN	L01 LETDOWN	DL	DL	1	1	0.1667	2
711	1EPE1A5E23	Labor	L01 PACKING/PALLETIZ	L01 PACKING/PALLETIZ	DL	DL	2	0	0.0625	3
712	1EPE1A5E25	Labor	L01 LABELING/CODING	L01 LABELING/CODING	DL	DL	1	1	0.05	1
713	1EPE1A5E28	Labor	L01 LABELING/CODING	L01 LABELING/CODING	DL	DL	1	1	0.05	1
714	1EPF1A1A01	Labor	L01 LABELING/CODING	L01 LABELING/CODING	DL	DL	1	1	0.05	1
715	1EPF1A5E02	Labor	L01 LABELING/CODING	L01 LABELING/CODING	DL	DL	1	1	0.05	1
716	1EPG200G	Labor	L01 LABELING/CODING	L01 LABELING/CODING	DL	DL	1	1	0.05	1
717	1EPG202L	Labor	L01 LABELING/CODING	L01 LABELING/CODING	DL	DL	1	1	0.072	1
718	1EPG202L	Labor	L01 FILLING	L01 FILLING	DL	DL	2	1	0.44	2
719	1EPG5A2M01	Labor	L12 LABELING/CODING	L12 LABELING/CODING	DL	DL	1	1	0.03	1
720	1EPG5A2M01	Labor	L12 FILLING PARTC	L12 FILLING PARTC	DL	DL	2	1	0.03	2
721	1EPG9233	Labor	L01 LABELING/CODING	L01 LABELING/CODING	DL	DL	1	1	0.033	1
722	1EPI202L	Labor	L01 LABELING/CODING	L01 LABELING/CODING	DL	DL	1	1	0.072	1
723	1EPI202L	Labor	L01 FILLING	L01 FILLING	DL	DL	2	1	0.44	2
724	1EPK202L	Labor	L01 LABELING/CODING	L01 LABELING/CODING	DL	DL	1	1	0.072	1
725	1EPK202L	Labor	L01 FILLING	L01 FILLING	DL	DL	2	1	0.44	2
726	1EPP202L	Labor	L01 LABELING/CODING	L01 LABELING/CODING	DL	DL	1	1	0.0625	1
727	1EPP202L	Labor	L01 FILLING	L01 FILLING	DL	DL	2	1	0.44	2
728	1EPR200G	Labor	L01 LABELING/CODING	L01 LABELING/CODING	DL	DL	1	1	0.05	1
729	1EPR2029	Labor	L01 LABELING/CODING	L01 LABELING/CODING	DL	DL	1	1	0.05	1
730	1EPR2033	Labor	L01 LABELING/CODING	L01 LABELING/CODING	DL	DL	1	1	0.033	1
731	1EPW200F	Labor	L01 LABELING/CODING	L01 LABELING/CODING	DL	DL	1	1	0.033	1
732	1EPW200G	Labor	L01 LABELING/CODING	L01 LABELING/CODING	DL	DL	1	1	0.05	1
733	1EPW202L	Labor	L01 LABELING/CODING	L01 LABELING/CODING	DL	DL	1	1	0.05	1
734	1ES16743	Labor	L04B LABELING/CODING	L04B LABELING/CODING	DL	DL	1	1	0.022	1
735	1ESG202L	Labor	L01 LABELING/CODING	L01 LABELING/CODING	DL	DL	1	1	0.072	1
736	1ESG202L	Labor	L01 FILLING	L01 FILLING	DL	DL	2	1	0.44	2
737	1ETF6A1I01	Labor	L04B LABELING/CODING	L04B LABELING/CODING	DL	DL	1	1	0.022	1
738	1ETL202L	Labor	L01 LABELING/CODING	L01 LABELING/CODING	DL	DL	1	1	0.05	1
739	1FBW612J	Labor	L01 LABELING/CODING	L01 LABELING/CODING	DL	DL	1	1	0.063	1
740	1FBW612J	Labor	L01 FILLING	L01 FILLING	DL	DL	2	1	0.063	2
741	1FCB2009	Labor	L12 LABELING/CODING	L12 LABELING/CODING	DL	DL	1	1	0.3239	1
742	1FCB2012	Labor	L12 LABELING/CODING	L12 LABELING/CODING	DL	DL	1	1	0.2392	1
743	1FCG480L	Labor	L01 LABELING/CODING	L01 LABELING/CODING	DL	DL	1	1	0.072	1
744	1FCG480L	Labor	L01 FILLING	L01 FILLING	DL	DL	2	1	0.44	2
745	1FDB202L	Labor	L01 LABELING/CODING	L01 LABELING/CODING	DL	DL	1	1	0.072	1
746	1FDB202L	Labor	L01 FILLING	L01 FILLING	DL	DL	2	1	0.44	2
747	1FKG922L	Labor	L01 LABELING/CODING	L01 LABELING/CODING	DL	DL	1	1	0.072	1
748	1FKG922L	Labor	L01 FILLING	L01 FILLING	DL	DL	2	1	0.44	2
749	1FLG480L	Labor	L01 LABELING/CODING	L01 LABELING/CODING	DL	DL	1	1	0.033	1
750	1FLG9229	Labor	L01 LABELING/CODING	L01 LABELING/CODING	DL	DL	1	1	0.0625	1
751	1FLG9229	Labor	L01 FILLING	L01 FILLING	DL	DL	2	1	0.125	2
752	1FMG480L	Labor	L01 LABELING/CODING	L01 LABELING/CODING	DL	DL	1	1	0.05	1
753	1FRP205S	Labor	L12 LABELING/CODING	L12 LABELING/CODING	DL	DL	1	1	0.1	1
754	1FSG922L	Labor	L01 LABELING/CODING	L01 LABELING/CODING	DL	DL	1	1	0.0625	1
755	1FSG922L	Labor	L01 TINTING	L01 TINTING	DL	DL	1	1	0.7499	2
756	1FTB922L	Labor	L01 LABELING/CODING	L01 LABELING/CODING	DL	DL	1	1	0.0625	1
757	1FTB922L	Labor	L01 TINTING	L01 TINTING	DL	DL	1	1	0.7501	2
758	1FTC202L	Labor	L01 LABELING/CODING	L01 LABELING/CODING	DL	DL	1	1	0.0625	1
759	1FTC202L	Labor	L01 TINTING	L01 TINTING	DL	DL	1	1	0.75	2
760	1FTE922L	Labor	L01 LABELING/CODING	L01 LABELING/CODING	DL	DL	1	1	0.072	1
761	1FTE922L	Labor	L01 FILLING	L01 FILLING	DL	DL	2	1	0.44	2
762	1FTL922L	Labor	L01 LABELING/CODING	L01 LABELING/CODING	DL	DL	1	1	0.05	1
763	1FTY202L	Labor	L01 LABELING/CODING	L01 LABELING/CODING	DL	DL	1	1	0.0625	1
764	1FTY202L	Labor	L01 TINTING	L01 TINTING	DL	DL	1	1	0.75	2
765	1GAB202L	Labor	L01 LABELING/CODING	L01 LABELING/CODING	DL	DL	1	1	0.072	1
766	1GAB202L	Labor	L01 FILLING	L01 FILLING	DL	DL	2	1	0.44	2
767	1GAB8013	Labor	L11 LABELING/CODING	L11 LABELING/CODING	DL	DL	1	1	0.1131	1
768	1GDF202L	Labor	L01 LABELING/CODING	L01 LABELING/CODING	DL	DL	1	1	0.0625	1
769	1GDF202L	Labor	L01 TINTING	L01 TINTING	DL	DL	1	1	0.7499	2
770	1GDG202L	Labor	L01 LABELING/CODING	L01 LABELING/CODING	DL	DL	1	1	0.072	1
771	1GDG202L	Labor	L01 FILLING	L01 FILLING	DL	DL	2	1	0.44	2
772	1GDW202L	Labor	L01 MIXING	L01 MIXING	DL	DL	1	1	1	1
773	1GDW922L	Labor	L01 LABELING/CODING	L01 LABELING/CODING	DL	DL	1	1	0.04	1
774	1GDW922L	Labor	L01 FILLING	L01 FILLING	DL	DL	2	1	0.13	2
775	1GEG202L	Labor	L01 MIXING	L01 MIXING	DL	DL	1	1	0.3889	1
776	1GEG202L	Labor	L01 TINTING	L01 TINTING	DL	DL	1	1	0.3333	2
777	1GEG202L	Labor	L01 PACKING/PALLETIZ	L01 PACKING/PALLETIZ	DL	DL	2	0	0.0625	3
778	1GF21A1A01	Labor	L01 LABELING/CODING	L01 LABELING/CODING	DL	DL	1	1	0.05	1
779	1GF31A1A17	Labor	L01 LABELING/CODING	L01 LABELING/CODING	DL	DL	1	1	0.1167	1
780	1GF31A5E01	Labor	L01 LABELING/CODING	L01 LABELING/CODING	DL	DL	1	1	0.05	1
781	1GFB922L	Labor	L01 LABELING/CODING	L01 LABELING/CODING	DL	DL	1	1	0.0625	1
782	1GFB922L	Labor	L01 FILLING	L01 FILLING	DL	DL	2	1	0.44	2
783	1GFG202L	Labor	L01 LABELING/CODING	L01 LABELING/CODING	DL	DL	1	1	0.072	1
784	1GFG202L	Labor	L01 TINTING	L01 TINTING	DL	DL	1	1	0.125	2
785	1GFX202L	Labor	L01 LABELING/CODING	L01 LABELING/CODING	DL	DL	1	1	0.072	1
786	1GFX202L	Labor	L01 FILLING	L01 FILLING	DL	DL	2	1	0.44	2
787	1GNG202L	Labor	L01 LABELING/CODING	L01 LABELING/CODING	DL	DL	1	1	0.072	1
788	1GNG202L	Labor	L01 FILLING	L01 FILLING	DL	DL	2	1	0.44	2
789	1GPB202L	Labor	L01 LABELING/CODING	L01 LABELING/CODING	DL	DL	1	1	0.0625	1
790	1GPB202L	Labor	L01 TINTING	L01 TINTING	DL	DL	1	1	0.75	2
791	1GPD202L	Labor	L01 LABELING/CODING	L01 LABELING/CODING	DL	DL	1	1	0.05	1
792	1GPG202L	Labor	L01 LABELING/CODING	L01 LABELING/CODING	DL	DL	1	1	0.0625	1
793	1GPG202L	Labor	L01 TINTING	L01 TINTING	DL	DL	1	1	0.75	2
794	1GPH202L	Labor	L01 LABELING/CODING	L01 LABELING/CODING	DL	DL	1	1	0.072	1
795	1GPH202L	Labor	L01 FILLING	L01 FILLING	DL	DL	2	1	0.44	2
796	1GPI202L	Labor	L01 LABELING/CODING	L01 LABELING/CODING	DL	DL	1	1	0.072	1
797	1GPI202L	Labor	L01 FILLING	L01 FILLING	DL	DL	2	1	0.44	2
798	1GPK202L	Labor	L01 LABELING/CODING	L01 LABELING/CODING	DL	DL	1	1	0.0625	1
799	1GPK202L	Labor	L01 TINTING	L01 TINTING	DL	DL	1	1	0.75	2
800	1GPL202L	Labor	L01 LABELING/CODING	L01 LABELING/CODING	DL	DL	1	1	0.167	1
801	1GPR202L	Labor	L01 LABELING/CODING	L01 LABELING/CODING	DL	DL	1	1	0.0625	1
802	1GPR202L	Labor	L01 TINTING	L01 TINTING	DL	DL	1	1	0.75	2
803	1GPW202L	Labor	L01 LABELING/CODING	L01 LABELING/CODING	DL	DL	1	1	0.0625	1
804	1GPW202L	Labor	L01 FILLING	L01 FILLING	DL	DL	2	1	0.125	2
805	1GPY202L	Labor	L01 LABELING/CODING	L01 LABELING/CODING	DL	DL	1	1	0.0625	1
806	1GPY202L	Labor	L01 TINTING	L01 TINTING	DL	DL	1	1	0.7501	2
807	1GSL202L	Labor	L01 LABELING/CODING	L01 LABELING/CODING	DL	DL	1	1	0.072	1
808	1GSL202L	Labor	L01 FILLING	L01 FILLING	DL	DL	2	1	0.44	2
809	1GUB202L	Labor	L01 LABELING/CODING	L01 LABELING/CODING	DL	DL	1	1	0.072	1
810	1GUB202L	Labor	L01 PACKING/PALLETIZ	L01 PACKING/PALLETIZ	DL	DL	2	0	0.06	2
811	1HVC2009	Labor	L06 LABELING/CODING	L06 LABELING/CODING	DL	DL	1	1	0.3239	1
812	1HVC2010	Labor	L06 LABELING/CODING	L06 LABELING/CODING	DL	DL	1	1	0.1509	1
813	1IET1A2H01	Labor	L12 LABELING/CODING	L12 LABELING/CODING	DL	DL	1	1	0.0083	1
814	1LSC5A9A01	Labor	L01 LABELING/CODING	L01 LABELING/CODING	DL	DL	1	1	0.05	1
815	1LVC2009	Labor	L12 LABELING/CODING	L12 LABELING/CODING	DL	DL	1	1	0.2875	1
816	1LVC2010	Labor	L12 LABELING/CODING	L12 LABELING/CODING	DL	DL	1	1	0.114	1
817	1LWG922L	Labor	L01 LABELING/CODING	L01 LABELING/CODING	DL	DL	1	1	0.072	1
818	1LWG922L	Labor	L01 FILLING	L01 FILLING	DL	DL	2	1	0.44	2
819	1M2C2009	Labor	L06 PACKING/PALLETIZ	L06 PACKING/PALLETIZ	DL	DL	2	0	0.1	1
820	1M2C2010	Labor	L06 PACKING/PALLETIZ	L06 PACKING/PALLETIZ	DL	DL	2	0	0.0351	1
821	1M2C2012	Labor	L06 PACKING/PALLETIZ	L06 PACKING/PALLETIZ	DL	DL	2	0	0.0178	1
822	1M2C2016	Labor	L06 PACKING/PALLETIZ	L06 PACKING/PALLETIZ	DL	DL	2	0	0.0087	1
823	1M2C2017	Labor	L06 PACKING/PALLETIZ	L06 PACKING/PALLETIZ	DL	DL	2	0	0.0016	1
824	1MGR3A3Z01	Labor	L11 PACKING/PALLETIZ	L11 PACKING/PALLETIZ	DL	DL	2	0	0.0413	1
825	1MPV2009	Labor	L06 PACKING/PALLETIZ	L06 PACKING/PALLETIZ	DL	DL	2	0	0.0917	1
826	1MPV2010	Labor	L06 PACKING/PALLETIZ	L06 PACKING/PALLETIZ	DL	DL	2	0	0.1651	1
827	1MPV2012	Labor	L06 PACKING/PALLETIZ	L06 PACKING/PALLETIZ	DL	DL	2	0	0.1284	1
828	1MPV2016	Labor	L06 PACKING/PALLETIZ	L06 PACKING/PALLETIZ	DL	DL	2	0	0.1403	1
829	1N1C2009	Labor	L06 PACKING/PALLETIZ	L06 PACKING/PALLETIZ	DL	DL	2	0	0.1	1
830	1N1C2010	Labor	L06 PACKING/PALLETIZ	L06 PACKING/PALLETIZ	DL	DL	2	0	0.0351	1
831	1N1C2012	Labor	L06 PACKING/PALLETIZ	L06 PACKING/PALLETIZ	DL	DL	2	0	0.0176	1
832	1N1C2016	Labor	L06 PACKING/PALLETIZ	L06 PACKING/PALLETIZ	DL	DL	2	0	0.0087	1
833	1N1C2017	Labor	L06 PACKING/PALLETIZ	L06 PACKING/PALLETIZ	DL	DL	2	0	0.0042	1
834	1OFX6A3X01	Labor	L11 FILLING	L11 FILLING	DL	DL	2	1	0.3425	1
835	1P5C2009	Labor	L12 PACKING/PALLETIZ	L12 PACKING/PALLETIZ	DL	DL	2	0	3.2966	1
836	1P5C2010	Labor	L12 LABELING/CODING	L12 LABELING/CODING	DL	DL	1	1	0.2561	1
837	1PBA999J	Labor	L11 LABELING/CODING	L11 LABELING/CODING	DL	DL	1	1	0.0583	1
838	1PBB2008	Labor	L04B LABELING/CODING	L04B LABELING/CODING	DL	DL	1	1	0.227	1
839	1PBI9233	Labor	L01 MILLING	L01 MILLING	DL	DL	1	1	0.0417	1
840	1PBS9229	Labor	L01 LABELING/CODING	L01 LABELING/CODING	DL	DL	1	1	0.05	1
841	1PBS9233	Labor	L01 LABELING/CODING	L01 LABELING/CODING	DL	DL	1	1	0.05	1
842	1PCT2009	Labor	L01 LABELING/CODING	L01 LABELING/CODING	DL	DL	1	1	0.03	1
843	1PCW325A	Labor	L12 MIXING	L12 MIXING	DL	DL	1	1	0.8	1
844	1PCW325B	Labor	L12 FILLING	L12 FILLING	DL	DL	2	1	0.2109	1
845	1PCY9229	Labor	L01 LABELING/CODING	L01 LABELING/CODING	DL	DL	1	1	0.0625	1
846	1PCY9229	Labor	L01 TINTING	L01 TINTING	DL	DL	1	1	0.1875	2
847	1PEC9B5L	Labor	L04B LABELING/CODING	L04B LABELING/CODING	DL	DL	1	1	0.187	1
848	1PER9229	Labor	L01 LABELING/CODING	L01 LABELING/CODING	DL	DL	1	1	0.15	1
849	1PFG9229	Labor	L01 LABELING/CODING	L01 LABELING/CODING	DL	DL	1	1	0.05	1
850	1PFH612J	Labor	L01 LABELING/CODING	L01 LABELING/CODING	DL	DL	1	1	0.1667	1
851	1PFW612J	Labor	L01 LABELING/CODING	L01 LABELING/CODING	DL	DL	1	1	0.1667	1
852	1PGC9229	Labor	L01 LABELING/CODING	L01 LABELING/CODING	DL	DL	1	1	0.0625	1
853	1PGC9229	Labor	L01 TINTING	L01 TINTING	DL	DL	1	1	0.125	2
854	1PGD9229	Labor	L01 LABELING/CODING	L01 LABELING/CODING	DL	DL	1	1	0.1	1
855	1PGD9229	Labor	L01 LETDOWN	L01 LETDOWN	DL	DL	1	1	0.125	2
856	1PGD9229	Labor	L01 PACKING/PALLETIZ	L01 PACKING/PALLETIZ	DL	DL	2	0	0.125	3
857	1PGI920G	Labor	L01 LABELING/CODING	L01 LABELING/CODING	DL	DL	1	1	0.05	1
858	1PGO200F	Labor	L01 LABELING/CODING	L01 LABELING/CODING	DL	DL	1	1	0.033	1
859	1PGO200G	Labor	L01 LABELING/CODING	L01 LABELING/CODING	DL	DL	1	1	0.05	1
860	1PGS1A5D02	Labor	L01 LABELING/CODING	L01 LABELING/CODING	DL	DL	1	1	0.531	1
861	1PGS1A5E02	Labor	L01 LABELING/CODING	L01 LABELING/CODING	DL	DL	1	1	1.416	1
862	1PGS9229	Labor	L01 LABELING/CODING	L01 LABELING/CODING	DL	DL	1	1	0.05	1
863	1PGS9233	Labor	L01 LABELING/CODING	L01 LABELING/CODING	DL	DL	1	1	0.033	1
864	1PGT920G	Labor	L01 LABELING/CODING	L01 LABELING/CODING	DL	DL	1	1	0.072	1
865	1PGT920G	Labor	L01 FILLING	L01 FILLING	DL	DL	2	1	0.125	2
866	1PGW9229	Labor	L01 LABELING/CODING	L01 LABELING/CODING	DL	DL	1	1	0.583	1
867	1PGW9233	Labor	L01 LABELING/CODING	L01 LABELING/CODING	DL	DL	1	1	0.031	1
868	1PIB9229	Labor	L01 LABELING/CODING	L01 LABELING/CODING	DL	DL	1	1	0.05	1
869	1PIB9233	Labor	L01 LABELING/CODING	L01 LABELING/CODING	DL	DL	1	1	0.05	1
870	1PIF9233	Labor	L01 LABELING/CODING	L01 LABELING/CODING	DL	DL	1	1	0.063	1
871	1PIF9233	Labor	L01 LETDOWN	L01 LETDOWN	DL	DL	1	1	0.012	2
872	1PIF9233	Labor	L01 PACKING/PALLETIZ	L01 PACKING/PALLETIZ	DL	DL	2	0	0.063	3
873	1PIG9229	Labor	L01 LABELING/CODING	L01 LABELING/CODING	DL	DL	1	1	0.0625	1
874	1PIG9229	Labor	L01 FILLING	L01 FILLING	DL	DL	2	1	0.125	2
875	1PIG9233	Labor	L01 LABELING/CODING	L01 LABELING/CODING	DL	DL	1	1	0.063	1
876	1PIG9233	Labor	L01 MIXING	L01 MIXING	DL	DL	1	1	0.0903	2
877	1PIG9233	Labor	L01 TINTING	L01 TINTING	DL	DL	1	1	0.0833	3
878	1PIO9229	Labor	L01 LABELING/CODING	L01 LABELING/CODING	DL	DL	1	1	0.0625	1
879	1PIO9229	Labor	L01 TINTING	L01 TINTING	DL	DL	1	1	0.1875	2
880	1PIO9233	Labor	L01 LABELING/CODING	L01 LABELING/CODING	DL	DL	1	1	0.055	1
881	1PIO9233	Labor	L01 TINTING	L01 TINTING	DL	DL	1	1	0.0469	2
882	1PIR9229	Labor	L01 LABELING/CODING	L01 LABELING/CODING	DL	DL	1	1	0.0625	1
883	1PIR9229	Labor	L01 TINTING	L01 TINTING	DL	DL	1	1	0.75	2
884	1PIR9233	Labor	L01 LABELING/CODING	L01 LABELING/CODING	DL	DL	1	1	0.055	1
885	1PIR9233	Labor	L01 TINTING	L01 TINTING	DL	DL	1	1	0.0469	2
886	1PIW9229	Labor	L01 LABELING/CODING	L01 LABELING/CODING	DL	DL	1	1	0.0625	1
887	1PIW9229	Labor	L01 FILLING	L01 FILLING	DL	DL	2	1	0.125	2
888	1PIW9233	Labor	L01 LABELING/CODING	L01 LABELING/CODING	DL	DL	1	1	0.08	1
889	1PIW9233	Labor	L01 FILLING	L01 FILLING	DL	DL	2	1	0.055	2
890	1PIY9229	Labor	L01 LABELING/CODING	L01 LABELING/CODING	DL	DL	1	1	0.0625	1
891	1PIY9229	Labor	L01 FILLING	L01 FILLING	DL	DL	2	1	0.125	2
892	1PIY9233	Labor	L01 LABELING/CODING	L01 LABELING/CODING	DL	DL	1	1	0.055	1
893	1PIY9233	Labor	L01 TINTING	L01 TINTING	DL	DL	1	1	0.0469	2
894	1PJE2009	Labor	L12 LABELING/CODING	L12 LABELING/CODING	DL	DL	1	1	0.3239	1
895	1PJE2010	Labor	L12 LABELING/CODING	L12 LABELING/CODING	DL	DL	1	1	0.2561	1
896	1PLS9229	Labor	L01 LABELING/CODING	L01 LABELING/CODING	DL	DL	1	1	0.033	1
897	1PLS9233	Labor	L01 LABELING/CODING	L01 LABELING/CODING	DL	DL	1	1	0.05	1
898	1POS9229	Labor	L01 LABELING/CODING	L01 LABELING/CODING	DL	DL	1	1	0.583	1
899	1POS9233	Labor	L01 LABELING/CODING	L01 LABELING/CODING	DL	DL	1	1	0.031	1
900	1PRS9229	Labor	L01 LABELING/CODING	L01 LABELING/CODING	DL	DL	1	1	0.583	1
901	1PRS9233	Labor	L01 LABELING/CODING	L01 LABELING/CODING	DL	DL	1	1	0.25	1
902	1PSB9229	Labor	L01 LABELING/CODING	L01 LABELING/CODING	DL	DL	1	1	0.05	1
903	1PSB9233	Labor	L01 LABELING/CODING	L01 LABELING/CODING	DL	DL	1	1	0.05	1
904	1PSC9229	Labor	L01 LABELING/CODING	L01 LABELING/CODING	DL	DL	1	1	0.0625	1
905	1PSC9229	Labor	L01 TINTING	L01 TINTING	DL	DL	1	1	0.1875	2
906	1PSC9233	Labor	L01 LABELING/CODING	L01 LABELING/CODING	DL	DL	1	1	0.25	1
907	1PSC966D	Labor	L14 LABELING/CODING	L14 LABELING/CODING	DL	DL	1	1	0.0667	1
908	1PSG9229	Labor	L01 LABELING/CODING	L01 LABELING/CODING	DL	DL	1	1	0.625	1
909	1PSG9233	Labor	L01 LABELING/CODING	L01 LABELING/CODING	DL	DL	1	1	0.055	1
910	1PSG9233	Labor	L01 FILLING	L01 FILLING	DL	DL	2	1	0.08	2
911	1PSO9229	Labor	L01 LABELING/CODING	L01 LABELING/CODING	DL	DL	1	1	0.0625	1
912	1PSO9229	Labor	L01 TINTING	L01 TINTING	DL	DL	1	1	0.1875	2
913	1PSO9233	Labor	L01 LABELING/CODING	L01 LABELING/CODING	DL	DL	1	1	0.055	1
914	1PSO9233	Labor	L01 TINTING	L01 TINTING	DL	DL	1	1	0.0469	2
915	1PSR9229	Labor	L01 LABELING/CODING	L01 LABELING/CODING	DL	DL	1	1	0.0625	1
916	1PSR9233	Labor	L01 LABELING/CODING	L01 LABELING/CODING	DL	DL	1	1	0.055	1
917	1PSR9233	Labor	L01 TINTING	L01 TINTING	DL	DL	1	1	0.0469	2
918	1PSY9229	Labor	L01 LABELING/CODING	L01 LABELING/CODING	DL	DL	1	1	0.583	1
919	1PSY9233	Labor	L01 LABELING/CODING	L01 LABELING/CODING	DL	DL	1	1	0.055	1
920	1PSY9233	Labor	L01 TINTING	L01 TINTING	DL	DL	1	1	0.0469	2
921	1PUB9229	Labor	L01 LABELING/CODING	L01 LABELING/CODING	DL	DL	1	1	0.0625	1
922	1PUB9229	Labor	L01 TINTING	L01 TINTING	DL	DL	1	1	0.125	2
923	1PUB9233	Labor	L01 LABELING/CODING	L01 LABELING/CODING	DL	DL	1	1	0.055	1
924	1PUB9233	Labor	L01 TINTING	L01 TINTING	DL	DL	1	1	0.0312	2
925	1PUC1A5E01	Labor	L01 LABELING/CODING	L01 LABELING/CODING	DL	DL	1	1	0.05	1
926	1PUC1A5E01	Labor	L01 PACKING/PALLETIZ	L01 PACKING/PALLETIZ	DL	DL	2	0	0.05	2
927	1PUI920G	Labor	L01 LABELING/CODING	L01 LABELING/CODING	DL	DL	1	1	0.0625	1
928	1PUI920G	Labor	L01 TINTING	L01 TINTING	DL	DL	1	1	0.125	2
929	1PUI930G	Labor	L01 LABELING/CODING	L01 LABELING/CODING	DL	DL	1	1	0.055	1
930	1PUI930G	Labor	L01 TINTING	L01 TINTING	DL	DL	1	1	0.0313	2
931	1PUS9229	Labor	L01 LABELING/CODING	L01 LABELING/CODING	DL	DL	1	1	0.583	1
932	1PUS9233	Labor	L01 LABELING/CODING	L01 LABELING/CODING	DL	DL	1	1	0.25	1
933	1PWS9229	Labor	L01 LABELING/CODING	L01 LABELING/CODING	DL	DL	1	1	0.583	1
934	1PWS9233	Labor	L01 LABELING/CODING	L01 LABELING/CODING	DL	DL	1	1	0.25	1
935	1PYS9229	Labor	L01 LABELING/CODING	L01 LABELING/CODING	DL	DL	1	1	0.583	1
936	1PYS9233	Labor	L01 LABELING/CODING	L01 LABELING/CODING	DL	DL	1	1	0.25	1
937	1QDE1A5E41	Labor	L01 LABELING/CODING	L01 LABELING/CODING	DL	DL	1	1	0.05	1
938	1QDE1A5E42	Labor	L01 LABELING/CODING	L01 LABELING/CODING	DL	DL	1	1	0.05	1
939	1QDE1A5E43	Labor	L01 LABELING/CODING	L01 LABELING/CODING	DL	DL	1	1	0.05	1
940	1QDE1A5E44	Labor	L01 LABELING/CODING	L01 LABELING/CODING	DL	DL	1	1	0.05	1
941	1S025000	Labor	L09 PRE-EXPANSION	L09 PRE-EXPANSION	DL	DL	1	0	17.9986	1
942	1S860000	Labor	L09 PRE-EXPANSION	L09 PRE-EXPANSION	DL	DL	1	0	26.9978	1
943	1SEC2009	Labor	L06 LABELING/CODING	L06 LABELING/CODING	DL	DL	1	1	0.464	1
944	1SF00064	Labor	L09 PRE-EXPANSION	L09 PRE-EXPANSION	DL	DL	1	0	40	1
945	1SF25000	Labor	L09 PRE-EXPANSION	L09 PRE-EXPANSION	DL	DL	1	0	26.9978	1
946	1SUW202L	Labor	L12 FILLING	L12 FILLING	DL	DL	2	1	1	1
947	1TAD7723-IH	Labor	L14 LABELING/CODING	L14 LABELING/CODING	DL	DL	1	1	0.0667	1
948	1VTS951W	Labor	L04B LABELING/CODING	L04B LABELING/CODING	DL	DL	1	1	0.022	1
949	1VTS951W	Labor	L04B PACKING/PALLETI	L04B PACKING/PALLETI	DL	DL	2	0	0.06	2
950	1W205A5J03	Labor	L01 LABELING/CODING	L01 LABELING/CODING	DL	DL	1	1	0.16	1
951	1W205A5J04	Labor	L01 LABELING/CODING	L01 LABELING/CODING	DL	DL	1	1	0.16	1
952	1W205A5J05	Labor	L01 LABELING/CODING	L01 LABELING/CODING	DL	DL	1	1	0.16	1
953	1W205A5J06	Labor	L01 LABELING/CODING	L01 LABELING/CODING	DL	DL	1	1	0.1	1
954	1WEB9B13	Labor	L04B LABELING/CODING	L04B LABELING/CODING	DL	DL	1	1	0.52	1
955	1WEC2009	Labor	L12 LABELING/CODING	L12 LABELING/CODING	DL	DL	1	1	0.3239	1
956	1WEC2010	Labor	L12 LABELING/CODING	L12 LABELING/CODING	DL	DL	1	1	0.2561	1
957	1WEC2012	Labor	L12 LABELING/CODING	L12 LABELING/CODING	DL	DL	1	1	0.2392	1
958	1WEC2012	Labor	L12 PACKING/PALLETIZ	L12 PACKING/PALLETIZ	DL	DL	2	0	0.9231	2
959	1WTE2396	Labor	L14 LABELING/CODING	L14 LABELING/CODING	DL	DL	1	1	0.1	1
960	1WTE612J	Labor	L01 LABELING/CODING	L01 LABELING/CODING	DL	DL	1	1	0.43	1
961	1WTE612J	Labor	L01 TINTING	L01 TINTING	DL	DL	1	1	0.855	2
962	1WTE920K	Labor	L14 LABELING/CODING	L14 LABELING/CODING	DL	DL	1	1	0.1076	1
963	1WTT572W	Labor	L13 LABELING/CODING	L13 LABELING/CODING	DL	DL	1	1	0.0185	1
964	1WTT920K	Labor	L13 LABELING/CODING	L13 LABELING/CODING	DL	DL	1	1	0.2128	1
965	2AAM6107	Labor	L13 LABELING/CODING	L13 LABELING/CODING	DL	DL	1	1	0.1111	1
966	2BCE0826	Labor	L12 LABELING/CODING	L12 LABELING/CODING	DL	DL	1	1	0.3333	1
967	2BPA434L	Labor	L12 FILLING	L12 FILLING	DL	DL	2	1	0.3333	1
968	2BYG434L	Labor	L01 MIXING	L01 MIXING	DL	DL	1	1	1.5496	1
969	2BYG434L	Labor	L01 FILLING	L01 FILLING	DL	DL	2	1	0.15	2
970	2FFC2009	Labor	L12 FILLING	L12 FILLING	DL	DL	2	1	0.1	1
971	2GDG202L	Labor	L01 MIXING	L01 MIXING	DL	DL	1	1	0.9	1
972	2GDG202L	Labor	L01 FILLING	L01 FILLING	DL	DL	2	1	0.44	2
973	2GLG202L	Labor	L01 MIXING	L01 MIXING	DL	DL	1	1	0.39	1
974	2GLG202L	Labor	L01 PACKING/PALLETIZ	L01 PACKING/PALLETIZ	DL	DL	2	0	0.06	2
975	2I7C2009	Labor	L12 FILLING	L12 FILLING	DL	DL	2	1	3.2966	1
976	2IDC2009	Labor	L12 FILLING	L12 FILLING	DL	DL	2	1	0.1	1
977	2ILC203W	Labor	L12 FILLING	L12 FILLING	DL	DL	2	1	2	1
978	2JFC2009	Labor	L12 FILLING	L12 FILLING	DL	DL	2	1	3.2966	1
979	2JFC2010	Labor	L12 FILLING	L12 FILLING	DL	DL	2	1	0.9231	1
980	2JTC6130	Labor	L12 MIXING	L12 MIXING	DL	DL	1	1	3.2	1
981	2MCE201G	Labor	L06 FILLING	L06 FILLING	DL	DL	2	1	3.2966	1
982	2PBT9B13	Labor	L04B FILLING	L04B FILLING	DL	DL	2	1	0.6365	1
983	2PSE6109	Labor	L12 FILLING	L12 FILLING	DL	DL	2	1	3.2966	1
984	2UEB2009	Labor	L12 FILLING	L12 FILLING	DL	DL	2	1	1	1
985	3AGS6A1O01	Labor	L11 FILLING	L11 FILLING	DL	DL	2	1	0.22	1
986	3ANC3A9A01	Labor	L12 FILLING	L12 FILLING	DL	DL	2	1	0.4333	1
987	3BBA3A3Z01	Labor	L04B FILLING	L04B FILLING	DL	DL	2	1	0.2142	1
988	3BBA6A1O01	Labor	L04B FILLING	L04B FILLING	DL	DL	2	1	0.08	1
989	3BC43B5E01	Labor	L12 FILLING	L12 FILLING	DL	DL	2	1	0.1167	1
990	3CB11192	Labor	L11 FILLING	L11 FILLING	DL	DL	2	1	0.0286	1
991	3CHV1A1A01	Labor	L06 FILLING	L06 FILLING	DL	DL	2	1	0.5	1
992	3CHV1A2A01	Labor	L06 FILLING	L06 FILLING	DL	DL	2	1	0.1333	1
993	3CLE1A1A01	Labor	L12 FILLING	L12 FILLING	DL	DL	2	1	0.1	1
994	3CLP1A3A01	Labor	L12 FILLING	L12 FILLING	DL	DL	2	1	0.25	1
995	3CLP1A4A01	Labor	L12 FILLING	L12 FILLING	DL	DL	2	1	0.1667	1
996	3CLP1A5A01	Labor	L06 FILLING	L06 FILLING	DL	DL	2	1	0.057	1
997	3CLV1A1A01	Labor	L12 FILLING	L12 FILLING	DL	DL	2	1	0.5	1
998	3CLV1A2A01	Labor	L12 FILLING	L12 FILLING	DL	DL	2	1	0.1333	1
999	3CY13B1M01	Labor	L02 FILLING AND CAPP	L02 FILLING AND CAPP	DL	DL	2	1	0.6429	1
1000	3CY23B1H01	Labor	L02 FILLING AND CAPP	L02 FILLING AND CAPP	DL	DL	2	1	0.5625	1
1001	3CY23B1M01	Labor	L02 FILLING AND CAPP	L02 FILLING AND CAPP	DL	DL	2	1	0.6429	1
1002	3ESC6A3U01	Labor	L11 FILLING	L11 FILLING	DL	DL	2	1	0.22	1
1003	3ESC6A3X01	Labor	L11 FILLING	L11 FILLING	DL	DL	2	1	0.242	1
1004	3ETF6A1N01	Labor	L04B FILLING	L04B FILLING	DL	DL	2	1	0.08	1
1005	3ETF6A1T01	Labor	L04B FILLING	L04B FILLING	DL	DL	2	1	0.0909	1
1006	3GGT0005	Labor	L01 MILLING	L01 MILLING	DL	DL	1	1	0.3	1
1007	3GYT0003	Labor	L01 MILLING	L01 MILLING	DL	DL	1	1	0.3	1
1008	3IET1A2H01	Labor	L12 FILLING	L12 FILLING	DL	DL	2	1	0.2333	1
1009	3MFS6000	Labor	L01 MIXING	L01 MIXING	DL	DL	1	1	0.405	1
1010	3MSM1A1A01	Labor	L06 FILLING	L06 FILLING	DL	DL	2	1	0.814	1
1011	3MSM1A2A01	Labor	L06 FILLING	L06 FILLING	DL	DL	2	1	0.228	1
1012	3MSM1A3A01	Labor	L06 FILLING	L06 FILLING	DL	DL	2	1	0.228	1
1013	3MSM1A4A01	Labor	L06 FILLING	L06 FILLING	DL	DL	2	1	0.114	1
1014	3MSM1A5A01	Labor	L06 FILLING	L06 FILLING	DL	DL	2	1	0.114	1
1015	3PER7000	Labor	L01 MIXING	L01 MIXING	DL	DL	1	1	0.117	1
1016	3PGE7000	Labor	L01 MIXING	L01 MIXING	DL	DL	1	1	0.0672	1
1017	3PGG1A5D21	Labor	L01 LABELING/CODING	L01 LABELING/CODING	DL	DL	1	1	0.1	1
1018	3PGG1A5D25	Labor	L01 LABELING/CODING	L01 LABELING/CODING	DL	DL	1	1	0.033	1
1019	3PGG1A5D26	Labor	L01 LABELING/CODING	L01 LABELING/CODING	DL	DL	1	1	0.033	1
1020	3PGG1A5E23	Labor	L01 LABELING/CODING	L01 LABELING/CODING	DL	DL	1	1	0.075	1
1021	3PGG1A5E25	Labor	L01 LABELING/CODING	L01 LABELING/CODING	DL	DL	1	1	0.05	1
1022	3PGG1A5E26	Labor	L01 LABELING/CODING	L01 LABELING/CODING	DL	DL	1	1	0.05	1
1023	3PGK7000	Labor	L01 MIXING	L01 MIXING	DL	DL	1	1	0.49	1
1024	3PGO7000	Labor	L01 MIXING	L01 MIXING	DL	DL	1	1	0.43	1
1025	3PGR7000	Labor	L01 MIXING	L01 MIXING	DL	DL	1	1	0.49	1
1026	3PGY7000	Labor	L01 MIXING	L01 MIXING	DL	DL	1	1	0.0672	1
1027	3PJP1A4A01	Labor	L12 LABELING/CODING	L12 LABELING/CODING	DL	DL	1	1	0.1	1
1028	3RC11A3W01	Labor	L11 PACKING/PALLETIZ	L11 PACKING/PALLETIZ	DL	DL	2	0	0.0667	1
1029	3SUE1A2G01	Labor	L12 LABELING/CODING	L12 LABELING/CODING	DL	DL	1	1	0.1	1
1030	3W101A2J01	Labor	L13 LABELING/CODING	L13 LABELING/CODING	DL	DL	1	1	0.169	1
1031	3W106A1R01	Labor	L13 LABELING/CODING	L13 LABELING/CODING	DL	DL	1	1	0.018	1
1032	3W415A2Q01	Labor	L13 LABELING/CODING	L13 LABELING/CODING	DL	DL	1	1	0.1	1
1033	3W415A9A01	Labor	L13 LABELING/CODING	L13 LABELING/CODING	DL	DL	1	1	0.15	1
1034	3WDG5A2B01	Labor	L13 PACKING/PALLETIZ	L13 PACKING/PALLETIZ	DL	DL	2	0	0.0074	1
1035	3WDG5A2L01	Labor	L13 PACKING/PALLETIZ	L13 PACKING/PALLETIZ	DL	DL	2	0	0.0595	1
1036	3WPF5A5E01	Labor	L01 LABELING/CODING	L01 LABELING/CODING	DL	DL	1	1	0.1	1
1037	3WPF5A5I01	Labor	L01 LABELING/CODING	L01 LABELING/CODING	DL	DL	1	1	0.1333	1
1038	4BBA4A8A01	Labor	L04B LABELING/CODING	L04B LABELING/CODING	DL	DL	1	1	0.0833	1
1039	4BRB2A9A01	Labor	L13 PACKING/PALLETIZ	L13 PACKING/PALLETIZ	DL	DL	2	0	0.05	1
1040	4ERB2A9A01	Labor	L13 FILLING/STITCHIN	L13 FILLING/STITCHIN	DL	DL	2	1	5.9999	1
1041	4ETF4A8A01	Labor	L04B LABELING/CODING	L04B LABELING/CODING	DL	DL	1	1	0.0833	1
1042	4ETF6A1I01	Labor	L04B LABELING/CODING	L04B LABELING/CODING	DL	DL	1	1	0.022	1
1043	4WPF5A5E01	Labor	L01 LABELING/CODING	L01 LABELING/CODING	DL	DL	1	1	0.06	1
1044	4WPF5A5I01	Labor	L01 LABELING/CODING	L01 LABELING/CODING	DL	DL	1	1	0.1	1
1045	5APE1A1A01	Labor	L06 LABELING/CODING	L06 LABELING/CODING	DL	DL	1	1	0.464	1
1046	5APE1A2A01	Labor	L06 LABELING/CODING	L06 LABELING/CODING	DL	DL	1	1	0.1305	1
1047	5APE1A3A01	Labor	L06 LABELING/CODING	L06 LABELING/CODING	DL	DL	1	1	0.1152	1
1048	5APE1A4A01	Labor	L06 LABELING/CODING	L06 LABELING/CODING	DL	DL	1	1	0.1076	1
1049	5APE1A5A01	Labor	L06 LABELING/CODING	L06 LABELING/CODING	DL	DL	1	1	0.1037	1
1050	5BBA6A1O01	Labor	L04B LABELING/CODING	L04B LABELING/CODING	DL	DL	1	1	0.02	1
1051	5EPP1A5E01	Labor	L01 LABELING/CODING	L01 LABELING/CODING	DL	DL	1	1	0.0625	1
1052	5ESC3A3Z01	Labor	L11 LABELING/CODING	L11 LABELING/CODING	DL	DL	1	1	0.2262	1
1053	5ESC6A3U01	Labor	L11 LABELING/CODING	L11 LABELING/CODING	DL	DL	1	1	0.0583	1
1054	5ESC6A3X01	Labor	L11 LABELING/CODING	L11 LABELING/CODING	DL	DL	1	1	0.0583	1
1055	5ESP1A5E01	Labor	L01 LABELING/CODING	L01 LABELING/CODING	DL	DL	1	1	0.0625	1
1056	5ETF1A5B01	Labor	L04B LABELING/CODING	L04B LABELING/CODING	DL	DL	1	1	0.082	1
1057	5ETF1A5C01	Labor	L04B LABELING/CODING	L04B LABELING/CODING	DL	DL	1	1	0.077	1
1058	5ETF1A5D01	Labor	L04B LABELING/CODING	L04B LABELING/CODING	DL	DL	1	1	0.0845	1
1059	5ETF1A5E01	Labor	L04B LABELING/CODING	L04B LABELING/CODING	DL	DL	1	1	0.0845	1
1060	5ETF3A3Z01	Labor	L04B LABELING/CODING	L04B LABELING/CODING	DL	DL	1	1	0.187	1
1061	5ETF6A1O01	Labor	L04B LABELING/CODING	L04B LABELING/CODING	DL	DL	1	1	0.022	1
1062	5ETF6A1T01	Labor	L04B LABELING/CODING	L04B LABELING/CODING	DL	DL	1	1	0.022	1
1063	5MAE1A1A01	Labor	L06 LABELING/CODING	L06 LABELING/CODING	DL	DL	1	1	0.464	1
1064	5MAE1A2A01	Labor	L06 LABELING/CODING	L06 LABELING/CODING	DL	DL	1	1	0.1305	1
1065	5MAE1A3A01	Labor	L06 LABELING/CODING	L06 LABELING/CODING	DL	DL	1	1	0.1152	1
1066	5MAE1A4A01	Labor	L06 LABELING/CODING	L06 LABELING/CODING	DL	DL	1	1	0.1076	1
1067	5MAE1A5A01	Labor	L06 LABELING/CODING	L06 LABELING/CODING	DL	DL	1	1	0.1037	1
1068	5NSE1A3A01	Labor	L06 SHRINKPACKING	L06 SHRINKPACKING	DL	DL	2	0	0.2145	1
1069	5NSE1A4A01	Labor	L06 SHRINKPACKING	L06 SHRINKPACKING	DL	DL	2	0	0.1875	1
1070	5NSE1A5A01	Labor	L06 SHRINKPACKING	L06 SHRINKPACKING	DL	DL	2	0	0.15	1
1071	5WDG3B2B01	Labor	L13 PACKING/PALLETIZ	L13 PACKING/PALLETIZ	DL	DL	2	0	0.0723	1
1072	B35000005	Labor	L12 MIXING	L12 MIXING	DL	DL	1	1	0.0834	1
1073	B60000025	Labor	L01 LETDOWN	L01 LETDOWN	DL	DL	1	1	0.0413	1
1074	B60000053	Labor	L01 LETDOWN	L01 LETDOWN	DL	DL	1	1	0.0417	1
1075	B60000059	Labor	L01 TINTING	L01 TINTING	DL	DL	1	1	0.0713	1
1076	B60000085	Labor	L01 LETDOWN	L01 LETDOWN	DL	DL	1	1	0.0208	1
1077	B60000125	Labor	L01 MIXING	L01 MIXING	DL	DL	1	1	0.0833	1
1078	B60000125	Labor	L01 TINTING	L01 TINTING	DL	DL	1	1	0.1667	2
1079	B60000131	Labor	L01 MIXING	L01 MIXING	DL	DL	1	1	0.0539	1
1080	B60000131	Labor	L01 TINTING	L01 TINTING	DL	DL	1	1	0.1078	2
1081	B60000144	Labor	L01 MIXING	L01 MIXING	DL	DL	1	1	0.0833	1
1082	B60000144	Labor	L01 TINTING	L01 TINTING	DL	DL	1	1	0.1667	2
1083	B60000149	Labor	L01 MIXING	L01 MIXING	DL	DL	1	1	0.0833	1
1084	B60000149	Labor	L01 TINTING	L01 TINTING	DL	DL	1	1	0.1667	2
1085	B60000151	Labor	L01 MIXING	L01 MIXING	DL	DL	1	1	0.0801	1
1086	B60000156	Labor	L01 MIXING	L01 MIXING	DL	DL	1	1	0.0833	1
1087	B60000156	Labor	L01 TINTING	L01 TINTING	DL	DL	1	1	0.1667	2
1088	B60000157	Labor	L01 MIXING	L01 MIXING	DL	DL	1	1	0.0833	1
1089	B60000157	Labor	L01 TINTING	L01 TINTING	DL	DL	1	1	0.1667	2
1090	B60000158	Labor	L01 MIXING	L01 MIXING	DL	DL	1	1	0.085	1
1091	B60000159	Labor	L01 MIXING	L01 MIXING	DL	DL	1	1	0.0646	1
1092	B60000159	Labor	L01 TINTING	L01 TINTING	DL	DL	1	1	0.0646	2
1093	B60000160	Labor	L01 MIXING	L01 MIXING	DL	DL	1	1	0.3994	1
1094	B60000161	Labor	L01 MIXING	L01 MIXING	DL	DL	1	1	0.0833	1
1095	B60000161	Labor	L01 TINTING	L01 TINTING	DL	DL	1	1	0.0833	2
1096	B60000165	Labor	L01 MIXING	L01 MIXING	DL	DL	1	1	0.0833	1
1097	B60000165	Labor	L01 TINTING	L01 TINTING	DL	DL	1	1	0.1667	2
1098	B60000167	Labor	L01 MIXING	L01 MIXING	DL	DL	1	1	0.075	1
1099	B60000168	Labor	L01 MIXING	L01 MIXING	DL	DL	1	1	0.0855	1
1100	B60000168	Labor	L01 TINTING	L01 TINTING	DL	DL	1	1	0.0855	2
1101	B60000169	Labor	L01 MIXING	L01 MIXING	DL	DL	1	1	0.0972	1
1102	B60000170	Labor	L01 MIXING	L01 MIXING	DL	DL	1	1	0.075	1
1103	B60000170	Labor	L01 LETDOWN	L01 LETDOWN	DL	DL	1	1	0.03	2
1104	B60000171	Labor	L01 MIXING	L01 MIXING	DL	DL	1	1	0.0625	1
1105	B60000183	Labor	L01 LETDOWN	L01 LETDOWN	DL	DL	1	1	0.035	1
1106	B60000197	Labor	L01 MILLING	L01 MILLING	DL	DL	1	1	0.1562	1
1107	B60000203	Labor	L01 LETDOWN	L01 LETDOWN	DL	DL	1	1	0.0208	1
1108	B60000270	Labor	L01 MIXING	L01 MIXING	DL	DL	1	1	0.0941	1
1109	B60000270	Labor	L01 TINTING	L01 TINTING	DL	DL	1	1	0.0753	2
1110	B60000276	Labor	L01 MILLING	L01 MILLING	DL	DL	1	1	0.3098	1
1111	B60000280	Labor	L01 TINTING	L01 TINTING	DL	DL	1	1	0.1667	1
1112	BM000005	Labor	L04A MIXING	L04A MIXING	DL	DL	1	1	0.4678	1
1113	BM000047	Labor	L12 MIXING	L12 MIXING	DL	DL	1	1	0.1144	1
1114	BM000048	Labor	L12 MIXING	L12 MIXING	DL	DL	1	1	1.5557	1
1115	BM000052	Labor	L12 MIXING	L12 MIXING	DL	DL	1	1	0.1896	1
1116	BM000054	Labor	L06 MIXING	L06 MIXING	DL	DL	1	1	0.1864	1
1117	BM000055	Labor	L06 MIXING	L06 MIXING	DL	DL	1	1	0.0993	1
1118	BM000071	Labor	L01 MIXING	L01 MIXING	DL	DL	1	1	0.3015	1
1119	BM000082	Labor	L01 MIXING	L01 MIXING	DL	DL	1	1	0.107	1
1120	FGI00043	Labor	L04B PACKING/PALLETI	L04B PACKING/PALLETI	DL	DL	2	0	0.07	1
1121	FGI00044	Labor	L04B PACKING/PALLETI	L04B PACKING/PALLETI	DL	DL	2	0	0.07	1
1122	FGI00048	Labor	L06 PACKING/PALLETIZ	L06 PACKING/PALLETIZ	DL	DL	2	0	0.0656	1
1123	FGI00080	Labor	L12 FILLING	L12 FILLING	DL	DL	2	1	0.4218	1
1124	FGI00085	Labor	L04B LABELING/CODING	L04B LABELING/CODING	DL	DL	1	1	0.0845	1
1125	FGI00100	Labor	L06 LABELING/CODING	L06 LABELING/CODING	DL	DL	1	1	0.1847	1
1126	FGI00101	Labor	L04B FILLING	L04B FILLING	DL	DL	2	1	0.16	1
1127	FGI00102	Labor	L10 FILLING	L10 FILLING	DL	DL	2	1	0.0273	1
1128	FGI00135	Labor	L06 PACKING/PALLETIZ	L06 PACKING/PALLETIZ	DL	DL	2	0	0.0016	1
1129	FGI00141	Labor	L01 MILLING	L01 MILLING	DL	DL	1	1	0.053	1
1130	FGI00141	Labor	L01 PACKING/PALLETIZ	L01 PACKING/PALLETIZ	DL	DL	2	0	0.04	2
1131	FGI00145	Labor	L01 LETDOWN	L01 LETDOWN	DL	DL	1	1	0.0622	1
1132	FGI00146	Labor	L01 LETDOWN	L01 LETDOWN	DL	DL	1	1	0.125	1
1133	FGI00147	Labor	L01 MILLING	L01 MILLING	DL	DL	1	1	0.0257	1
1134	FGI00147	Labor	L01 FILLING	L01 FILLING	DL	DL	2	1	0.125	2
1135	FGI00148	Labor	L01 MILLING	L01 MILLING	DL	DL	1	1	0.1029	1
1136	FGI00148	Labor	L01 FILLING	L01 FILLING	DL	DL	2	1	0.5	2
1137	FGI00149	Labor	L01 MILLING	L01 MILLING	DL	DL	1	1	0.051	1
1138	FGI00149	Labor	L01 FILLING	L01 FILLING	DL	DL	2	1	0.124	2
1139	FGI00150	Labor	L01 MILLING	L01 MILLING	DL	DL	1	1	0.1032	1
1140	FGI00150	Labor	L01 FILLING	L01 FILLING	DL	DL	2	1	0.5	2
1141	FGI00151	Labor	L01 MILLING	L01 MILLING	DL	DL	1	1	0.0267	1
1142	FGI00151	Labor	L01 FILLING	L01 FILLING	DL	DL	2	1	0.125	2
1143	FGI00152	Labor	L01 MILLING	L01 MILLING	DL	DL	1	1	0.1066	1
1144	FGI00152	Labor	L01 FILLING	L01 FILLING	DL	DL	2	1	0.5	2
1145	FGI00156	Labor	L01 MILLING	L01 MILLING	DL	DL	1	1	0.1161	1
1146	FGI00156	Labor	L01 PACKING/PALLETIZ	L01 PACKING/PALLETIZ	DL	DL	2	0	0.125	2
1147	FGI00172	Labor	L01 MILLING	L01 MILLING	DL	DL	1	1	0.1068	1
1148	FGI00172	Labor	L01 FILLING	L01 FILLING	DL	DL	2	1	0.5	2
1149	FGI00173	Labor	L01 MILLING	L01 MILLING	DL	DL	1	1	0.0833	1
1150	FGI00173	Labor	L01 FILLING	L01 FILLING	DL	DL	2	1	0.4	2
1151	FGP00031	Labor	L12 PACKING/PALLETIZ	L12 PACKING/PALLETIZ	DL	DL	2	0	0.0625	1
1152	FGP00045	Labor	L12 PACKING/PALLETIZ	L12 PACKING/PALLETIZ	DL	DL	2	0	0.1667	1
1153	FGP00051	Labor	L01 PACKING/PALLETIZ	L01 PACKING/PALLETIZ	DL	DL	2	0	0.0667	1
1154	FGP00055	Labor	L01 PACKING/PALLETIZ	L01 PACKING/PALLETIZ	DL	DL	2	0	0.0667	1
1155	FGT00103	Labor	L12 FILLING	L12 FILLING	DL	DL	2	1	0.0916	1
1156	FGT00104	Labor	L10 PACKING/PALLETIZ	L10 PACKING/PALLETIZ	DL	DL	2	0	0.898	1
1157	FGT00111	Labor	L12 PACKING/PALLETIZ	L12 PACKING/PALLETIZ	DL	DL	2	0	0.264	1
1158	FGT00117	Labor	L11 PACKING/PALLETIZ	L11 PACKING/PALLETIZ	DL	DL	2	0	0.1397	1
1159	FGT00128	Labor	L01 MILLING	L01 MILLING	DL	DL	1	1	0.65	1
1160	FGT00128	Labor	L01 PACKING/PALLETIZ	L01 PACKING/PALLETIZ	DL	DL	2	0	0.1463	2
1161	FGT00129	Labor	L01 MILLING	L01 MILLING	DL	DL	1	1	0.65	1
1162	FGT00129	Labor	L01 PACKING/PALLETIZ	L01 PACKING/PALLETIZ	DL	DL	2	0	0.1463	2
1163	FGT00144	Labor	L04B PACKING/PALLETI	L04B PACKING/PALLETI	DL	DL	2	0	0.024	1
1164	FGT00145	Labor	L04C PACKING/PALLETI	L04C PACKING/PALLETI	DL	DL	2	0	0.1	1
1165	FGT00146	Labor	L04C PACKING/PALLETI	L04C PACKING/PALLETI	DL	DL	2	0	0.06	1
1166	FGT00148	Labor	L01 MILLING	L01 MILLING	DL	DL	1	1	0.125	1
1167	FGT00155	Labor	L01 TINTING	L01 TINTING	DL	DL	1	1	0.75	1
1168	FGT00158	Labor	L01 MILLING	L01 MILLING	DL	DL	1	1	0.1869	1
1169	FGT00158	Labor	L01 FILLING	L01 FILLING	DL	DL	2	1	0.125	2
1170	FGT00159	Labor	L10 FILLING	L10 FILLING	DL	DL	2	1	0.0273	1
1171	FGT00167	Labor	L01 MILLING	L01 MILLING	DL	DL	1	1	0.3333	1
1172	FGT00167	Labor	L01 PACKING/PALLETIZ	L01 PACKING/PALLETIZ	DL	DL	2	0	0.0625	2
1173	FGT00169	Labor	L01 MILLING	L01 MILLING	DL	DL	1	1	0.201	1
1174	FGT00169	Labor	L01 FILLING	L01 FILLING	DL	DL	2	1	0.125	2
1175	FGT00182	Labor	L01 MILLING	L01 MILLING	DL	DL	1	1	0.3333	1
1176	FGT00182	Labor	L01 PACKING/PALLETIZ	L01 PACKING/PALLETIZ	DL	DL	2	0	0.0625	2
1177	FGT00185	Labor	L01 MILLING	L01 MILLING	DL	DL	1	1	0.3333	1
1178	FGT00185	Labor	L01 PACKING/PALLETIZ	L01 PACKING/PALLETIZ	DL	DL	2	0	0.0625	2
1179	FGT00208	Labor	L01 MILLING	L01 MILLING	DL	DL	1	1	0.667	1
1180	FGT00208	Labor	L01 PACKING/PALLETIZ	L01 PACKING/PALLETIZ	DL	DL	2	0	0.063	2
1181	FGT00210	Labor	L01 MILLING	L01 MILLING	DL	DL	1	1	0.1224	1
1182	FGT00210	Labor	L01 FILLING	L01 FILLING	DL	DL	2	1	0.125	2
1183	FGT00217	Labor	L01 MILLING	L01 MILLING	DL	DL	1	1	0.1667	1
1184	FGT00217	Labor	L01 PACKING/PALLETIZ	L01 PACKING/PALLETIZ	DL	DL	2	0	0.0625	2
1185	FGT00221	Labor	L01 MILLING	L01 MILLING	DL	DL	1	1	0.25	1
1186	FGT00221	Labor	L01 PACKING/PALLETIZ	L01 PACKING/PALLETIZ	DL	DL	2	0	0.0625	2
1187	FGT00281	Labor	L01 LABELING/CODING	L01 LABELING/CODING	DL	DL	1	1	0.0625	1
1188	FGT00281	Labor	L01 TINTING	L01 TINTING	DL	DL	1	1	0.1875	2
1189	FGT00282	Labor	L01 MIXING	L01 MIXING	DL	DL	1	1	0.2667	1
1190	FGT00282	Labor	L01 FILLING	L01 FILLING	DL	DL	2	1	0.125	2
1191	FGT00284	Labor	L12 PACKING/PALLETIZ	L12 PACKING/PALLETIZ	DL	DL	2	0	0.1667	1
1192	FGT00355	Labor	L01 MILLING	L01 MILLING	DL	DL	1	1	0.0834	1
1193	FGT00356	Labor	L01 MILLING	L01 MILLING	DL	DL	1	1	0.2064	1
1194	FGT00356	Labor	L01 PACKING/PALLETIZ	L01 PACKING/PALLETIZ	DL	DL	2	0	0.0625	2
1195	FGT00359	Labor	L13 LABELING/CODING	L13 LABELING/CODING	DL	DL	1	1	0.15	1
1196	FGT00362	Labor	L01 TINTING	L01 TINTING	DL	DL	1	1	0.375	1
1197	FGT00363	Labor	L01 PACKING/PALLETIZ	L01 PACKING/PALLETIZ	DL	DL	2	0	0.083	1
1198	FGT00366	Labor	L01 MILLING	L01 MILLING	DL	DL	1	1	0.125	1
1199	FGT00369	Labor	L01 FILLING	L01 FILLING	DL	DL	2	1	0.3333	1
1200	FGT00370	Labor	L01 FILLING	L01 FILLING	DL	DL	2	1	0.8667	1
1201	FGT00372	Labor	L01 PACKING/PALLETIZ	L01 PACKING/PALLETIZ	DL	DL	2	0	0.062	1
1202	FGT00376	Labor	L01 MILLING	L01 MILLING	DL	DL	1	1	0.0881	1
1203	FGT00378	Labor	L01 FILLING	L01 FILLING	DL	DL	2	1	0.0833	1
1204	FGT00383	Labor	L01 MILLING	L01 MILLING	DL	DL	1	1	1.1667	1
1205	FGT00383	Labor	L01 PACKING/PALLETIZ	L01 PACKING/PALLETIZ	DL	DL	2	0	0.05	2
1206	FGT00385	Labor	L01 FILLING	L01 FILLING	DL	DL	2	1	0.996	1
1207	FGT00388	Labor	L01 LABELING/CODING	L01 LABELING/CODING	DL	DL	1	1	0.125	1
1208	FGT00388	Labor	L01 PACKING/PALLETIZ	L01 PACKING/PALLETIZ	DL	DL	2	0	0.0625	2
1209	FGT00391	Labor	L01 LABELING/CODING	L01 LABELING/CODING	DL	DL	1	1	0.05	1
1210	FGT00393	Labor	L01 MIXING	L01 MIXING	DL	DL	1	1	1.2865	1
1211	FGT00394	Labor	L01 LABELING/CODING	L01 LABELING/CODING	DL	DL	1	1	0.0625	1
1212	FGT00394	Labor	L01 FILLING	L01 FILLING	DL	DL	2	1	0.3333	2
1213	FGT00403	Labor	L01 PACKING/PALLETIZ	L01 PACKING/PALLETIZ	DL	DL	2	0	0.0625	1
1214	FGT00428	Labor	L12 LABELING/CODING	L12 LABELING/CODING	DL	DL	1	1	0.1299	1
1215	FGT00429	Labor	L12 PACKING/PALLETIZ	L12 PACKING/PALLETIZ	DL	DL	2	0	0.0635	1
1216	FGT00432	Labor	L01 FILLING	L01 FILLING	DL	DL	2	1	0.125	1
1217	FGT00460	Labor	L01 MIXING	L01 MIXING	DL	DL	1	1	0.4917	1
1218	FGT00461	Labor	L01 LABELING/CODING	L01 LABELING/CODING	DL	DL	1	1	0.1	1
1219	FGT00461	Labor	L01 LETDOWN	L01 LETDOWN	DL	DL	1	1	0.25	2
1220	FGT00461	Labor	L01 PACKING/PALLETIZ	L01 PACKING/PALLETIZ	DL	DL	2	0	0.125	3
1221	FGT00462	Labor	L01 LABELING/CODING	L01 LABELING/CODING	DL	DL	1	1	0.1	1
1222	FGT00462	Labor	L01 LETDOWN	L01 LETDOWN	DL	DL	1	1	0.25	2
1223	FGT00462	Labor	L01 PACKING/PALLETIZ	L01 PACKING/PALLETIZ	DL	DL	2	0	0.125	3
1224	FGT00463	Labor	L01 LABELING/CODING	L01 LABELING/CODING	DL	DL	1	1	0.1	1
1225	FGT00463	Labor	L01 LETDOWN	L01 LETDOWN	DL	DL	1	1	0.25	2
1226	FGT00463	Labor	L01 PACKING/PALLETIZ	L01 PACKING/PALLETIZ	DL	DL	2	0	0.125	3
1227	FGT00465	Labor	L01 LABELING/CODING	L01 LABELING/CODING	DL	DL	1	1	0.1	1
1228	FGT00468	Labor	L01 LABELING/CODING	L01 LABELING/CODING	DL	DL	1	1	0.05	1
1229	FGT00470	Labor	L01 LABELING/CODING	L01 LABELING/CODING	DL	DL	1	1	0.05	1
1230	FGT00472	Labor	L01 FILLING	L01 FILLING	DL	DL	2	1	0.3333	1
1231	FGT00483	Labor	L01 MIXING	L01 MIXING	DL	DL	1	1	0.1074	1
1232	FGT00483	Labor	L01 TINTING	L01 TINTING	DL	DL	1	1	0.161	2
1233	FGT00485	Labor	L04B FILLING	L04B FILLING	DL	DL	2	1	6.6724	1
1234	FGT00487	Labor	L01 LABELING/CODING	L01 LABELING/CODING	DL	DL	1	1	0.1	1
1235	FGT00487	Labor	L01 TINTING	L01 TINTING	DL	DL	1	1	0.2499	2
1236	FGT00499	Labor	L12 FILLING	L12 FILLING	DL	DL	2	1	5.9999	1
1237	FGT00502	Labor	L01 MILLING	L01 MILLING	DL	DL	1	1	0.0937	1
1238	FGT00502	Labor	L01 FILLING	L01 FILLING	DL	DL	2	1	0.3833	2
1239	FGT00504	Labor	L01 FILLING	L01 FILLING	DL	DL	2	1	0.3833	1
1240	FGT00508	Labor	L01 PACKING/PALLETIZ	L01 PACKING/PALLETIZ	DL	DL	2	0	0.0625	1
1241	FGT00510	Labor	L01 MIXING	L01 MIXING	DL	DL	1	1	0.1944	1
1242	FGT00510	Labor	L01 TINTING	L01 TINTING	DL	DL	1	1	0.25	2
1243	FGT00516	Labor	L01 FILLING	L01 FILLING	DL	DL	2	1	0.3333	1
1244	FGT00517	Labor	L01 PACKING/PALLETIZ	L01 PACKING/PALLETIZ	DL	DL	2	0	0.625	1
1245	FGT00518	Labor	L01 MIXING	L01 MIXING	DL	DL	1	1	0.4167	1
1246	FGT00518	Labor	L01 FILLING	L01 FILLING	DL	DL	2	1	0.5	2
1247	FGT00538	Labor	L01 MIXING	L01 MIXING	DL	DL	1	1	2.1667	1
1248	FGT00538	Labor	L01 FILLING	L01 FILLING	DL	DL	2	1	1	2
1249	FGT00545	Labor	L01 FILLING	L01 FILLING	DL	DL	2	1	0.3333	1
1250	FGT00547	Labor	L01 MIXING	L01 MIXING	DL	DL	1	1	0.5278	1
1251	FGT00547	Labor	L01 FILLING	L01 FILLING	DL	DL	2	1	0.3333	2
1252	FGT00549	Labor	L01 LABELING/CODING	L01 LABELING/CODING	DL	DL	1	1	0.05	1
1253	FGT00549	Labor	L01 LETDOWN	L01 LETDOWN	DL	DL	1	1	0.1667	2
1254	FGT00549	Labor	L01 PACKING/PALLETIZ	L01 PACKING/PALLETIZ	DL	DL	2	0	0.3333	3
1255	GIP000005	Labor	L11 FILLING	L11 FILLING	DL	DL	2	1	0.1	1
1256	GIP000051	Labor	L11 PACKING/PALLETIZ	L11 PACKING/PALLETIZ	DL	DL	2	0	0.1	1
1257	GIP000059	Labor	L01 MILLING	L01 MILLING	DL	DL	1	1	0.99	1
1258	GIP000061	Labor	L01 MILLING	L01 MILLING	DL	DL	1	1	0.22	1
1259	GIP000065	Labor	L01 MIXING	L01 MIXING	DL	DL	1	1	0.245	1
1260	GIP000067	Labor	L01 LETDOWN	L01 LETDOWN	DL	DL	1	1	0.075	1
1261	GIP000077	Labor	L01 MIXING	L01 MIXING	DL	DL	1	1	0.25	1
1262	GIP000081	Labor	L01 MILLING	L01 MILLING	DL	DL	1	1	0.2	1
1263	GIP000085	Labor	L01 LETDOWN	L01 LETDOWN	DL	DL	1	1	0.1	1
1264	GIP000096	Labor	L01 MIXING	L01 MIXING	DL	DL	1	1	1.76	1
1265	GIP000097	Labor	L01 MIXING	L01 MIXING	DL	DL	1	1	1.56	1
1266	GIP000116	Labor	L01 LETDOWN	L01 LETDOWN	DL	DL	1	1	0.1	1
1267	GIP000117	Labor	L01 MIXING	L01 MIXING	DL	DL	1	1	0.6	1
1268	GIP000147	Labor	L01 LETDOWN	L01 LETDOWN	DL	DL	1	1	0.0375	1
1269	GIP000149	Labor	L01 MILLING	L01 MILLING	DL	DL	1	1	0.1683	1
1270	1KPH5A5J01	Labor	L01 LABELING/CODING	L01 LABELING/CODING	DL	DL	1	1	0.1167	1
1271	1KRT5A9A12	Labor	L01 LABELING/CODING	L01 LABELING/CODING	DL	DL	1	1	0.5	1
1272	1KRT5A9A12	Labor	L01 FILLING	L01 FILLING	DL	DL	2	1	1	2
1309	1234567890	Labor	L04B MIXING	MIXING	DL	DL	1	0	0.0123	1
1310	1234567890	Labor	L04B CAPPING	CAPPING	DL	DL	1	0	0.2	2
1317	1APU5A5I04	Labor	L01 L01 LABELING/CODING	L01 LABELING/CODING	DL	DL	1	1	0.125	1
1318	1APU5A5I04	Labor	L01 L01 LETDOWN	L01 LETDOWN	DL	DL	1	1	0.6667	2
1319	1APU5A5I04	Labor	L01 L01 PACKING/PALLETIZ	L01 PACKING/PALLETIZ	DL	DL	1	1	0.5	3
\.


--
-- Data for Name: line_activities; Type: TABLE DATA; Schema: public; Owner: postgres
--

COPY public.line_activities (id, production_line_code, activity_name, sort_order, stage) FROM stdin;
261	L01	MIXING	1	BM
262	L01	MILLING	2	BM
263	L01	LETDOWN	3	BM
264	L01	TINTING	4	BM
265	L01	CODING	5	FG
266	L01	LABELING	6	FG
267	L01	BOX PREPARATION	7	FG
268	L01	MANUAL TRANSFER BM TO FILLING TANK	8	BM
269	L01	FILLING	9	FG
270	L01	CAPPING	10	FG
271	L01	PACKING/PALLETIZING	11	FG
272	L02	STICKERING	1	FG
273	L02	CODING	2	FG
274	L02	FILLING	3	FG
275	L02	NOZZLE & CAPPING	4	FG
276	L02	CAP TIGHTENING	5	FG
277	L02	PLUNGERING	6	FG
278	L02	TWIST TIE	7	FG
279	L02	PACKING/PALLETIZING	8	FG
280	L03	FILLING	1	FG
281	L03	PACKING/PALLETIZING	2	FG
282	L03	TRANSFER TO SUBCON	3	FG
283	L04A	MIXING	1	BM
284	L04A	CODING	2	FG
285	L04A	BOX PREPARATION	3	FG
286	L04A	TRANSFER BM TO ARO PUMP	4	BM
287	L04A	SCOOPING	5	FG
288	L04A	FILLING	6	FG
289	L04A	PLUNGERING	7	FG
290	L04A	SEALING	8	FG
291	L04A	CAPPING	9	FG
292	L04A	PACKING/PALLETIZING	10	FG
293	L04B	MIXING	1	BM
294	L04B	CODING	2	FG
295	L04B	BOX PREPARATION	3	FG
296	L04B	TRANSFER BM TO ARO PUMP	4	BM
297	L04B	SCOOPING	5	FG
298	L04B	FILLING	6	FG
299	L04B	PLUNGERING	7	FG
300	L04B	SEALING	8	FG
301	L04B	CAPPING	9	FG
302	L04B	PACKING/PALLETIZING	10	FG
303	L04C	MIXING	1	BM
304	L04C	CODING	2	FG
305	L04C	BOX PREPARATION	3	FG
306	L04C	TRANSFER BM TO ARO PUMP	4	BM
307	L04C	SCOOPING	5	FG
308	L04C	FILLING	6	FG
309	L04C	PLUNGERING	7	FG
310	L04C	SEALING	8	FG
311	L04C	CAPPING	9	FG
312	L04C	PACKING/PALLETIZING	10	FG
313	L05	CUTTING	1	BM
314	L05	STICKERING	2	FG
315	L05	PACKING/PALLETIZING	3	FG
316	L06	MIXING	1	BM
317	L06	CODING	2	FG
318	L06	LABELING	3	FG
319	L06	BOX PREPARATION	4	FG
320	L06	TRANSFER OF BM TO ARO PUMP	5	BM
321	L06	FILLING	6	FG
322	L06	CAPPING	7	FG
323	L06	PACKING/PALLETIZING	8	FG
324	L07	MIXING	1	BM
325	L07	PRE HEAT OF BM	2	BM
326	L07	FILLING	3	FG
327	L07	PACKING/PALLETIZING	4	FG
328	L07	TRANSFER TO SUBCON	5	FG
329	L09	BEADS PRE EXPANSION	1	BM
330	L09	MOLDING	2	BM
331	L09	CUTTING	3	BM
332	L09A	BEADS PRE EXPANSION	1	BM
333	L09A	MOLDING	2	BM
334	L09A	CUTTING	3	BM
335	L10	CODING	1	FG
336	L10	LABELING	2	FG
337	L10	BOX PREPARATION	3	FG
338	L10	FILLING	4	FG
339	L10	CAPPING	5	FG
340	L10	PACKING/PALLETIZING	6	FG
341	L11	CODING	1	FG
342	L11	FILLING	2	FG
343	L11	SCOOPING	3	FG
344	L11	PLUNGERING	4	FG
345	L11	SEALING	5	FG
346	L11	STICKERING	6	FG
347	L11	PACKING/PALLETIZING	7	FG
348	L11	TRANSFER TO SUBCON	8	FG
349	L11	UNBOXING	9	FG
350	L11	BATCH CODING	10	FG
351	L11	PLACING OF CODED PAIL STICKER LABEL	11	FG
352	L11	REBOXING	12	FG
353	L11	PUTTING TEMPORARY BOX LABEL (PRINTED STICKER LABEL)	13	FG
354	L11	PLACING OF QR CODE ON THE BOXES	14	FG
355	L12	MIXING	1	BM
356	L12	MELTING	2	BM
357	L12	CODING	3	FG
358	L12	LABELING	4	FG
359	L12	BOX PREPARATION	5	FG
360	L12	MANUAL TRANSFER BM TO FILLING TANK	6	BM
361	L12	FILLING	7	FG
362	L12	CAPPING	8	FG
363	L12	SEALING	9	FG
364	L12	PLUNGERING	10	FG
365	L12	PACKING/PALLETIZING	11	FG
366	L13	MIXING	1	BM
367	L13	MELTING	2	BM
368	L13	CODING	3	FG
369	L13	LABELING	4	FG
370	L13	BOX PREPARATION	5	FG
371	L13	MANUAL TRANSFER BM TO FILLING TANK	6	BM
372	L13	FILLING	7	FG
373	L13	CAPPING	8	FG
374	L13	SEALING	9	FG
375	L13	PLUNGERING	10	FG
376	L13	PACKING/PALLETIZING	11	FG
377	L14	MIXING	1	BM
378	L14	SIEVING	2	BM
379	L14	CODING	3	FG
380	L14	LABELING	4	FG
381	L14	BOX PREPARATION	5	FG
382	L14	FILLING	6	FG
383	L14	CAPPING	7	FG
384	L14	SEALING	8	FG
385	L14	PACKING/PALLETIZING	9	FG
386	SIPS	BEADS PRE EXPANSION	1	BM
387	SIPS	MOLDING (BLOCK)	2	BM
388	SIPS	CUTTING (LAMINATE)	3	FG
389	SIPS	GLUING	4	FG
390	SIPS	PANEL ASSEMBLY	5	FG
\.


--
-- Data for Name: production_lines; Type: TABLE DATA; Schema: public; Owner: postgres
--

COPY public.production_lines (production_line_code, production_line_name) FROM stdin;
L01	Line 01 COATINGS
L02	Line 02 CYANO BOTTLE FILLING
L03	Line 03 CYANO TUBE FILLING
L04A	Line 04A ELASTO MIXING
L04B	Line 04B SEMI AUTO FILLING
L04C	Line 04C AUTO FILLING
L05	Line 05 EPOXY CLAY
L06	Line 06 EPOXY LINE
L07	Line 07 EPOXY TUBE FILLING
L08	Line 08
L09	Line 09 EPS - BLOCKS
L09A	Line 09A EPS - CUTTING
L10	Line 10 CONTACT BOND
L11	Line 11 SILICONE FILLING LINE
L12	Line 12 SPECIAL PRODUCTS - EPOXY BASED
L13	Line 13 SPECIAL PRODUCTS - WATER BASED
L14	Line 14 SKIM COAT
SIPS	STRUCTURAL INSULATED PANEL
\.


--
-- Data for Name: products; Type: TABLE DATA; Schema: public; Owner: postgres
--

COPY public.products (inventory_id, revision_descr, revision, notes, bm_production_line, bm_production_line_code, fg_production_line, fg_production_line_code, product_type, quantity) FROM stdin;
1AF2202L	PG ANTI FOULING PAINT RED 4L	03	CRN RD23-CR055	L01 - L1 COATINGS	L01	L01 - L1 COATINGS	L01	Finished Good (FG)	\N
1AF29233	PG ANTI FOULING PAINT RED 1L	03	CRN RD23-CR055	L01 - L1 COATINGS	L01	L01 - L1 COATINGS	L01	Finished Good (FG)	\N
1APC2009	ALL PURPOSE EPOXY  GALLON	03	CRN RD23-CR055	L06 - L6 EPOXY LINE	L06	L06 - L6 EPOXY LINE	L06	Finished Good (FG)	\N
1APC2010	ALL PURPOSE EPOXY  QUART	03	CRN RD23-CR055	L06 - L6 EPOXY LINE	L06	L06 - L6 EPOXY LINE	L06	Finished Good (FG)	\N
1APC2012	ALL PURPOSE EPOXY  PINT	03	CRN RD23-CR055	L06 - L6 EPOXY LINE	L06	L06 - L6 EPOXY LINE	L06	Finished Good (FG)	\N
1APC2016	ALL PURPOSE EPOXY 1/2 PINT	03	CRN RD23-CR055	L06 - L6 EPOXY LINE	L06	L06 - L6 EPOXY LINE	L06	Finished Good (FG)	\N
1APC2019	ALL PURPOSE EPOXY 1/4 PINT	04	CRN RD25-CR019	L06 - L6 EPOXY LINE	L06	L06 - L6 EPOXY LINE	L06	Finished Good (FG)	\N
1BBA6A1I01	BUILDERS BOND 25G SAMPLE	00	DOMESTIC	L04B - L4B SEMI AUTO FILLING	L04B	L04B - L4B SEMI AUTO FILLING	L04B	Finished Good (FG)	\N
1BBI9B14	TRANSITION TO PRINTED CARTRIDGE	03	PCMR-26-005	L04A - L4A ELASTO MIXING	L04A	L04A - L4A ELASTO MIXING	L04A	Finished Good (FG)	\N
1BBT3A9A01	BUILDERS BOND TURBO 260ML	02	CRN RD23-CR055	L02 - L2 CYANO BOTTLE FILLING	L02	L02 - L2 CYANO BOTTLE FILLING	L02	Finished Good (FG)	\N
1BCD4123	BASECOAT DRY MIX	01	PHASE 2 APM PACKAGE	L14 - L14 SKIM COAT	L14	L14 - L14 SKIM COAT	L14	Other / Intermediate	\N
1BCR5A2Q01	BACKING COMPOUND EPOXY GRAY 20KG SET	03	CRN RD25-CR002	L12 - L12 SPECIAL PRODUCTS - EPOXY BASED	L12	L12 - L12 SPECIAL PRODUCTS - EPOXY BASED	L12	Other / Intermediate	\N
1BGR612J	PPRO BARRICADE COUNTRY HOMES	01	CRN RD23-CR029	L01 - L1 COATINGS	L01	L01 - L1 COATINGS	L01	Finished Good (FG)	\N
1BSC9229	BUTTONSHIELD CLEAR	03	CRN RD23-CR055	L01 - L1 COATINGS	L01	L01 - L1 COATINGS	L01	Finished Good (FG)	\N
1BWW434L	WATER-TITE 200 BARRICADE WHITE 4L	01	PHASE 2 APM PACKAGE	L01 - L1 COATINGS	L01	L01 - L1 COATINGS	L01	Finished Good (FG)	\N
1BWW612J	WATER-TITE 200 BARRICADE WHITE 20L	02	CRN RD23-CR043	L01 - L1 COATINGS	L01	L01 - L1 COATINGS	L01	Finished Good (FG)	\N
1CB1304W	CONTACT BOND 45ML BOTTLE	02	CRN RD23-CR047	L10 - L10 CONTACT BOND	L10	L10 - L10 CONTACT BOND	L10	Finished Good (FG)	\N
1CB3325B	CYNO (100 CPS)50G W/ Label	03	CRN RD23-CR055	L02 - L2 CYANO BOTTLE FILLING	L02	L02 - L2 CYANO BOTTLE FILLING	L02	Other / Intermediate	\N
1CB43260	CYNO (2 CPS) - 20G.	03	CRN RD23-CR055	L02 - L2 CYANO BOTTLE FILLING	L02	L02 - L2 CYANO BOTTLE FILLING	L02	Other / Intermediate	\N
1CB5325B	CYNO (2 CPS) - 50G.	03	CRN RD23-CR055	L02 - L2 CYANO BOTTLE FILLING	L02	L02 - L2 CYANO BOTTLE FILLING	L02	Other / Intermediate	\N
1CB6325B	CYNO (100 CPS) 50G NO Label	02	CRN RD23-CR055	L02 - L2 CYANO BOTTLE FILLING	L02	L02 - L2 CYANO BOTTLE FILLING	L02	Other / Intermediate	\N
1CBE1A2H01	CONCRETE BINDER EPOXY 3.8KG SET	01	NO ISSUED CRN DUE TO NO TRANSACTION	L12 - L12 SPECIAL PRODUCTS - EPOXY BASED	L12	L12 - L12 SPECIAL PRODUCTS - EPOXY BASED	L12	Finished Good (FG)	\N
1CEC2009	CLEAR EPOXY GALLON	01	PHASE 2 APM PACKAGE	L12 - L12 SPECIAL PRODUCTS - EPOXY BASED	L12	L12 - L12 SPECIAL PRODUCTS - EPOXY BASED	L12	Finished Good (FG)	\N
1CEC2010	CLEAR EPOXY QUART	01	PHASE 2 APM PACKAGE	L12 - L12 SPECIAL PRODUCTS - EPOXY BASED	L12	L12 - L12 SPECIAL PRODUCTS - EPOXY BASED	L12	Finished Good (FG)	\N
1CEC2012	CLEAR EPOXY PINT	01	PHASE 2 APM PACKAGE	L12 - L12 SPECIAL PRODUCTS - EPOXY BASED	L12	L12 - L12 SPECIAL PRODUCTS - EPOXY BASED	L12	Finished Good (FG)	\N
1CHV1A5A01	INITIAL BOM-DOMESTIC (SAMPLE ONLY, NOT FOR COMMERCIAL SALE)	00	\N	L06 - L6 EPOXY LINE	L06	L06 - L6 EPOXY LINE	L06	Finished Good (FG)	\N
1CLC2009	PIONEER CONCRETE EPOXY LV GALLON	03	PCMR-25-001	L12 - L12 SPECIAL PRODUCTS - EPOXY BASED	L12	L12 - L12 SPECIAL PRODUCTS - EPOXY BASED	L12	Finished Good (FG)	\N
1CLC2010	PIONEER CONCRETE EPOXY LV QUART	03	PCMR-25-001	L12 - L12 SPECIAL PRODUCTS - EPOXY BASED	L12	L12 - L12 SPECIAL PRODUCTS - EPOXY BASED	L12	Finished Good (FG)	\N
1CLV1A5A01	INITIAL BOM-DOMESTIC (SAMPLE ONLY, NOT FOR COMMERCIAL SALE)	00	\N	L12 - L12 SPECIAL PRODUCTS - EPOXY BASED	L12	L12 - L12 SPECIAL PRODUCTS - EPOXY BASED	L12	Finished Good (FG)	\N
1COD1A1A01	CONCRETE DENSIFIER GALLON	00	0	L01 - L1 COATINGS	L01	L01 - L1 COATINGS	L01	Finished Good (FG)	\N
1CTA610N	SANDBLAST 621 (CAC 621)	01	PHASE 2 APM PACKAGE	L13 - L13 SPECIAL PRODUCTS - WATER BASED	L13	L13 - L13 SPECIAL PRODUCTS - WATER BASED	L13	Finished Good (FG)	\N
1DSC2009	DURASTEEL EPOXY GALLON	01	PHASE 2 APM PACKAGE	L12 - L12 SPECIAL PRODUCTS - EPOXY BASED	L12	L12 - L12 SPECIAL PRODUCTS - EPOXY BASED	L12	Finished Good (FG)	\N
1DSC2010	DURASTEEL EPOXY QUART	01	PHASE 2 APM PACKAGE	L12 - L12 SPECIAL PRODUCTS - EPOXY BASED	L12	L12 - L12 SPECIAL PRODUCTS - EPOXY BASED	L12	Finished Good (FG)	\N
1E2M2029	LITHOGRAPH CAN	02	PCMR-26-011	L04B - L4B SEMI AUTO FILLING	L04B	L04B - L4B SEMI AUTO FILLING	L04B	Finished Good (FG)	\N
1E2M2033	LITHOGRAPH CAN	02	PCMR-26-011	L04B - L4B SEMI AUTO FILLING	L04B	L04B - L4B SEMI AUTO FILLING	L04B	Finished Good (FG)	\N
1E2M2036	ELASTOSEAL 1/2L	02	CRN RD23-CR025	L04B - L4B SEMI AUTO FILLING	L04B	L04B - L4B SEMI AUTO FILLING	L04B	Finished Good (FG)	\N
1E2M204Q	ELASTOSEAL 1/4L	02	PHASE 2 APM PACKAGE	L04B - L4B SEMI AUTO FILLING	L04B	L04B - L4B SEMI AUTO FILLING	L04B	Finished Good (FG)	\N
1E2M5843	ELASTOSEAL PISIL	01	PHASE 2 APM PACKAGE	L04B - L4B SEMI AUTO FILLING	L04B	L04B - L4B SEMI AUTO FILLING	L04B	Finished Good (FG)	\N
1E3P5843	PROSEAL 111 ELASTOBOND 250G	03	PCMR-25-001	L04B - L4B SEMI AUTO FILLING	L04B	L04B - L4B SEMI AUTO FILLING	L04B	Finished Good (FG)	\N
1E3P5846	PROSEAL 111 ELASTOBOND 100G	03	PCMR-25-001	L04B - L4B SEMI AUTO FILLING	L04B	L04B - L4B SEMI AUTO FILLING	L04B	Finished Good (FG)	\N
1E3P929G	PROSEAL 111 ELASTOBOND 490G	03	PCMR-25-001	L04B - L4B SEMI AUTO FILLING	L04B	L04B - L4B SEMI AUTO FILLING	L04B	Finished Good (FG)	\N
1E3P929H	PROSEAL 111 ELASTOBOND 980G	03	PCMR-25-001	L04B - L4B SEMI AUTO FILLING	L04B	L04B - L4B SEMI AUTO FILLING	L04B	Finished Good (FG)	\N
1EFC202L	EFC CLEAR	03	CRN RD23-CR055	L01 - L1 COATINGS	L01	L01 - L1 COATINGS	L01	Finished Good (FG)	\N
1EFG2009	EFC GRAY	03	CRN RD23-CR055	L01 - L1 COATINGS	L01	L01 - L1 COATINGS	L01	Finished Good (FG)	\N
1ELB202L	PPRO EPOXY TANK LINING BLACK	03	CRN RD23-CR055	L01 - L1 COATINGS	L01	L01 - L1 COATINGS	L01	Finished Good (FG)	\N
1EMW202L	EFC MOONSTONE WHITE	03	CRN RD23-CR055	L01 - L1 COATINGS	L01	L01 - L1 COATINGS	L01	Finished Good (FG)	\N
1ENC2009	NON-SAG EPOXY GALLON	02	CRN RD23-CR055	L06 - L6 EPOXY LINE	L06	L06 - L6 EPOXY LINE	L06	Finished Good (FG)	\N
1ENC2010	NON-SAG EPOXY QUART	02	CRN RD23-CR055	L06 - L6 EPOXY LINE	L06	L06 - L6 EPOXY LINE	L06	Finished Good (FG)	\N
1ENC2012	NON-SAG EPOXY PINT	02	CRN RD23-CR055	L06 - L6 EPOXY LINE	L06	L06 - L6 EPOXY LINE	L06	Finished Good (FG)	\N
1ENC2016	NON-SAG EPOXY 1/2 PINT	02	CRN RD23-CR055	L06 - L6 EPOXY LINE	L06	L06 - L6 EPOXY LINE	L06	Finished Good (FG)	\N
1ENC2019	NON-SAG EPOXY 1/4 PINT	03	CRN RD25-CR019	L06 - L6 EPOXY LINE	L06	L06 - L6 EPOXY LINE	L06	Finished Good (FG)	\N
1EPA202L	GF100 STD COLOR  GRAY 4L	03	CRN RD23-CR055	L01 - L1 COATINGS	L01	L01 - L1 COATINGS	L01	Finished Good (FG)	\N
1EPB202L	GF100 SPL COLOR  BLACK  4L	02	CRN RD23-CR043	L01 - L1 COATINGS	L01	L01 - L1 COATINGS	L01	Finished Good (FG)	\N
1EPC202L	GF100 STD COLOR  CLEAR  4L	03	CRN RD23-CR055	L01 - L1 COATINGS	L01	L01 - L1 COATINGS	L01	Finished Good (FG)	\N
1EPE1A5E22	EPOXY ENAMEL SATIN SIGNAL RED 4L	03	CRN RD23-CR055	L01 - L1 COATINGS	L01	L01 - L1 COATINGS	L01	Finished Good (FG)	\N
1EPE1A5E23	EPOXY ENAMEL SATIN RD GREEN 4L	02	CRN RD23-CR055	L01 - L1 COATINGS	L01	L01 - L1 COATINGS	L01	Finished Good (FG)	\N
1EPE1A5E25	EPOXY ENAMEL SIGNAL VIOLET 4L	00	0	L01 - L1 COATINGS	L01	L01 - L1 COATINGS	L01	Finished Good (FG)	\N
1EPE1A5E28	EPOXY ENAMEL CHELSEA GREEN 4L	00	0	L01 - L1 COATINGS	L01	L01 - L1 COATINGS	L01	Finished Good (FG)	\N
1EPF1A1A01	GREAT FLOOR 200 GRAY GALLON	01	CRN RD23-CR055	L01 - L1 COATINGS	L01	L01 - L1 COATINGS	L01	Finished Good (FG)	\N
1EPF1A5E02	GREAT FLOOR 300 OFF-WHITE 4L SET	01	CRN RD23-CR055	L01 - L1 COATINGS	L01	L01 - L1 COATINGS	L01	Finished Good (FG)	\N
1EPG200G	EPOXY PRIMER GRAY 4L	04	CRN RD25-CR020	L01 - L1 COATINGS	L01	L01 - L1 COATINGS	L01	Finished Good (FG)	\N
1EPG202L	GF100 SPL COLOR  DARK GREEN	01	PHASE 2 APM PACKAGE -INACTIVE	L01 - L1 COATINGS	L01	L01 - L1 COATINGS	L01	Finished Good (FG)	\N
1EPG5A2M01	EPOXY GROUT 12KG ABC SET	00	PCI	L12 - L12 SPECIAL PRODUCTS - EPOXY BASED	L12	L12 - L12 SPECIAL PRODUCTS - EPOXY BASED	L12	Finished Good (FG)	\N
1EPG9233	EPOXY PRIMER GRAY 1L	02	CRN RD25-CR020	L01 - L1 COATINGS	L01	L01 - L1 COATINGS	L01	Finished Good (FG)	\N
1EPI202L	GF100 SPL COLOR  ISUZU GREEN 4L	01	PHASE 2 APM PACKAGE	L01 - L1 COATINGS	L01	L01 - L1 COATINGS	L01	Finished Good (FG)	\N
1EPK202L	GF100 SPL COLOR  COKE BEIGE 4L	01	PHASE 2 APM PACKAGE	L01 - L1 COATINGS	L01	L01 - L1 COATINGS	L01	Finished Good (FG)	\N
1EPP202L	GF100 STD COLOR  WHITE 4L	01	PHASE 2 APM PACKAGE	L01 - L1 COATINGS	L01	L01 - L1 COATINGS	L01	Finished Good (FG)	\N
1EPR200G	EPOXY PRIMER RED OXIDE 4L	03	CRN RD25-CR020	L01 - L1 COATINGS	L01	L01 - L1 COATINGS	L01	Finished Good (FG)	\N
1EPR2029	EPOXY PRIMER RED OXIDE 4L	03	CRN RD25-CR020	L01 - L1 COATINGS	L01	L01 - L1 COATINGS	L01	Finished Good (FG)	\N
1EPR2033	EPOXY PRIMER RED OXIDE 1L	03	CRN RD25-CR020	L01 - L1 COATINGS	L01	L01 - L1 COATINGS	L01	Finished Good (FG)	\N
1EPW200F	EPOXY PRIMER WHITE 1L	03	CRN RD25-CR020	L01 - L1 COATINGS	L01	L01 - L1 COATINGS	L01	Finished Good (FG)	\N
1EPW200G	EPOXY PRIMER WHITE 4L	03	CRN RD25-CR020	L01 - L1 COATINGS	L01	L01 - L1 COATINGS	L01	Finished Good (FG)	\N
1EPW202L	EPOXY PRIMER WHITE 4L	02	CRN RD25-CR020	L01 - L1 COATINGS	L01	L01 - L1 COATINGS	L01	Finished Good (FG)	\N
1ES16743	ELASTOSEAL PISILITO	01	PHASE 2 APM PACKAGE	L04B - L4B SEMI AUTO FILLING	L04B	L04B - L4B SEMI AUTO FILLING	L04B	Finished Good (FG)	\N
1ESG202L	GF100 SPL COLOR  SULPICIO GREEN 4L	01	PHASE 2 APM PACKAGE	L01 - L1 COATINGS	L01	L01 - L1 COATINGS	L01	Finished Good (FG)	\N
1ETF6A1I01	ELASTOSEAL 25G SAMPLE	00	DOMESTIC	L04B - L4B SEMI AUTO FILLING	L04B	L04B - L4B SEMI AUTO FILLING	L04B	Finished Good (FG)	\N
1ETL202L	EPOXY TANK LINING WHITE 4L	04	CRN RD24-CR019	L01 - L1 COATINGS	L01	L01 - L1 COATINGS	L01	Finished Good (FG)	\N
1FBW612J	FIRESTOP WHITE	01	CRN RD23-CR040	L01 - L1 COATINGS	L01	L01 - L1 COATINGS	L01	Finished Good (FG)	\N
1FCB2009	PB FCBE - GALLON SET	01	PHASE 2 APM PACKAGE	L12 - L12 SPECIAL PRODUCTS - EPOXY BASED	L12	L12 - L12 SPECIAL PRODUCTS - EPOXY BASED	L12	Finished Good (FG)	\N
1FCB2012	PB FCBE - PINT SET	01	PHASE 2 APM PACKAGE	L12 - L12 SPECIAL PRODUCTS - EPOXY BASED	L12	L12 - L12 SPECIAL PRODUCTS - EPOXY BASED	L12	Finished Good (FG)	\N
1FCG480L	GF300 SPL COLOR  COOL GRAY 2C 4L	01	PHASE 2 APM PACKAGE	L01 - L1 COATINGS	L01	L01 - L1 COATINGS	L01	Finished Good (FG)	\N
1FDB202L	GF200 SPL COLOR  DARK BLUE 4L	01	PHASE 2 APM PACKAGE	L01 - L1 COATINGS	L01	L01 - L1 COATINGS	L01	Finished Good (FG)	\N
1FKG922L	GF300 SPL COLOR  KIWI GREEN 4L	03	CRN RD23-CR055	L01 - L1 COATINGS	L01	L01 - L1 COATINGS	L01	Finished Good (FG)	\N
1FLG480L	GF300 STD COLOR  LIGHT GRAY	02	CRN RD25-CR035 (FOR REVIEW)	L01 - L1 COATINGS	L01	L01 - L1 COATINGS	L01	Finished Good (FG)	\N
1FLG9229	FLOORSHIELD STERLING GRAY	01	PHASE 2 APM PACKAGE	L01 - L1 COATINGS	L01	L01 - L1 COATINGS	L01	Finished Good (FG)	\N
1FMG480L	GF300 SPL COLOR  MINT GREEN 4L	01	CRN RD25-CR014	L01 - L1 COATINGS	L01	L01 - L1 COATINGS	L01	Finished Good (FG)	\N
1FRP205S	FRP ADHESIVE 2K EPOXY	02	CRN RD25-CR028 (FOR REVIEW)	L12 - L12 SPECIAL PRODUCTS - EPOXY BASED	L12	L12 - L12 SPECIAL PRODUCTS - EPOXY BASED	L12	Finished Good (FG)	\N
1FSG922L	GF300 SPL COLOR  DARK GREEN 4L	01	PHASE 2 APM PACKAGE	L01 - L1 COATINGS	L01	L01 - L1 COATINGS	L01	Finished Good (FG)	\N
1FTB922L	GF300 STD COLOR  BLUE 4L	01	PHASE 2 APM PACKAGE	L01 - L1 COATINGS	L01	L01 - L1 COATINGS	L01	Finished Good (FG)	\N
1FTC202L	GF300 STD COLOR  RED 4L	01	PHASE 2 APM PACKAGE	L01 - L1 COATINGS	L01	L01 - L1 COATINGS	L01	Finished Good (FG)	\N
1FTE922L	GF300 STD COLOR  BEIGE 4L	02	CRN RD23-CR055	L01 - L1 COATINGS	L01	L01 - L1 COATINGS	L01	Finished Good (FG)	\N
1FTL922L	GF300 SPL COLOR  GREEN	02	CRN RD25-CR024	L01 - L1 COATINGS	L01	L01 - L1 COATINGS	L01	Finished Good (FG)	\N
1FTY202L	GF300 STD COLOR  YELLOW 4L	01	PHASE 2 APM PACKAGE	L01 - L1 COATINGS	L01	L01 - L1 COATINGS	L01	Finished Good (FG)	\N
1GAB202L	GF300 SPL COLOR  AQUA BLUE 4L	01	PHASE 2 APM PACKAGE	L01 - L1 COATINGS	L01	L01 - L1 COATINGS	L01	Finished Good (FG)	\N
1GAB8013	PAINTER'S BUDDY GAP SEALANT CARTRIDGE 480G	01	CONCESSION # 25-029 (TYC DELIVERY - NO REBOXING)	L11 - L11 SILICONE FILLING LINE	L11	L11 - L11 SILICONE FILLING LINE	L11	Finished Good (FG)	\N
1GDF202L	GF200 SPL COLOR  FOREST GREEN 4L	01	PHASE 2 APM PACKAGE	L01 - L1 COATINGS	L01	L01 - L1 COATINGS	L01	Finished Good (FG)	\N
1GDG202L	GF200 SPL COLOR  SULPICIO GREEN 4L	01	PHASE 2 APM PACKAGE	L01 - L1 COATINGS	L01	L01 - L1 COATINGS	L01	Finished Good (FG)	\N
1GDW202L	GF200 SPL COLOR  DAWN GRAY 4L	01	PHASE 2 APM PACKAGE	L01 - L1 COATINGS	L01	L01 - L1 COATINGS	L01	Base Material (BM)	\N
1GDW922L	GF300 SPL COLOR  DAWN GRAY 4L	01	PHASE 2 APM PACKAGE	L01 - L1 COATINGS	L01	L01 - L1 COATINGS	L01	Finished Good (FG)	\N
1GEG202L	GF200 SPL COLOR  LEAF GREEN 4L	03	CRN RD23-CR055	L01 - L1 COATINGS	L01	L01 - L1 COATINGS	L01	Finished Good (FG)	\N
1GF21A1A01	GF200 SPL COLOR PEBBLE GREY 4L	01	CRN RD25-CR013	L01 - L1 COATINGS	L01	L01 - L1 COATINGS	L01	Finished Good (FG)	\N
1GF31A1A17	GF300 ALESON GREEN 4L SET	01	CRN RD23-CR055	L01 - L1 COATINGS	L01	L01 - L1 COATINGS	L01	Finished Good (FG)	\N
1GF31A5E01	GF300 SPL COLOR BLUE-GREEN 4L	00	0	L01 - L1 COATINGS	L01	L01 - L1 COATINGS	L01	Finished Good (FG)	\N
1GFB922L	GF300 SPL COLOR  BLACK  4L	01	PHASE 2 APM PACKAGE	L01 - L1 COATINGS	L01	L01 - L1 COATINGS	L01	Finished Good (FG)	\N
1GFG202L	GF200 SPL COLOR  SUMMERLAND GREEN 4L	01	PHASE 2 APM PACKAGE -INACTIVE	L01 - L1 COATINGS	L01	L01 - L1 COATINGS	L01	Finished Good (FG)	\N
1GFX202L	GF200 SPL COLOR  FLOORSPEX GREEN 4L	01	PHASE 2 APM PACKAGE -INACTIVE	L01 - L1 COATINGS	L01	L01 - L1 COATINGS	L01	Finished Good (FG)	\N
1GNG202L	GF300 SPL COLOR  NILE GREEN 4L	03	CRN RD23-CR055	L01 - L1 COATINGS	L01	L01 - L1 COATINGS	L01	Finished Good (FG)	\N
1GPB202L	GF200 STD COLOR  BLUE 4L	01	PHASE 2 APM PACKAGE	L01 - L1 COATINGS	L01	L01 - L1 COATINGS	L01	Finished Good (FG)	\N
1GPD202L	GF200 STD COLOR  DARK GRAY 4L	03	CRN RD24-CR017	L01 - L1 COATINGS	L01	L01 - L1 COATINGS	L01	Finished Good (FG)	\N
1GPG202L	GF200 SPL COLOR  MINT GREEN 4L	01	PHASE 2 APM PACKAGE	L01 - L1 COATINGS	L01	L01 - L1 COATINGS	L01	Finished Good (FG)	\N
1GPH202L	GF200 SPL COLOR  LIGHT GREEN 4L	01	PHASE 2 APM PACKAGE	L01 - L1 COATINGS	L01	L01 - L1 COATINGS	L01	Finished Good (FG)	\N
1GPI202L	GF200 SPL COLOR  ISUZU GREEN 4L	01	PHASE 2 APM PACKAGE	L01 - L1 COATINGS	L01	L01 - L1 COATINGS	L01	Finished Good (FG)	\N
1GPK202L	GF200 STD COLOR  BEIGE 4L	01	PHASE 2 APM PACKAGE	L01 - L1 COATINGS	L01	L01 - L1 COATINGS	L01	Finished Good (FG)	\N
1GPL202L	GF200 STD COLOR  LIGHT GRAY 4L	03	CRN RD25-CR035 (FOR REVIEW)	L01 - L1 COATINGS	L01	L01 - L1 COATINGS	L01	Finished Good (FG)	\N
1GPR202L	GF200 STD COLOR  RED 4L	01	PHASE 2 APM PACKAGE	L01 - L1 COATINGS	L01	L01 - L1 COATINGS	L01	Finished Good (FG)	\N
1GPW202L	GF200 STD COLOR  WHITE 4L	01	PHASE 2 APM PACKAGE	L01 - L1 COATINGS	L01	L01 - L1 COATINGS	L01	Finished Good (FG)	\N
1GPY202L	GF200 STD COLOR  YELLOW 4L	02	CRN RD23-CR055	L01 - L1 COATINGS	L01	L01 - L1 COATINGS	L01	Finished Good (FG)	\N
1GSL202L	GF200 SPL COLOR  SLEX GREEN 4L	01	PHASE 2 APM PACKAGE	L01 - L1 COATINGS	L01	L01 - L1 COATINGS	L01	Finished Good (FG)	\N
1GUB202L	GF200 STD COLOR  ULTRAMARINE BLUE 4L	01	PHASE 2 APM PACKAGE	L01 - L1 COATINGS	L01	L01 - L1 COATINGS	L01	Finished Good (FG)	\N
1HVC2009	CONCRETE EPOXY HIGH VISCOSITY GALLON	01	PHASE 2 APM PACKAGE	L06 - L6 EPOXY LINE	L06	L06 - L6 EPOXY LINE	L06	Finished Good (FG)	\N
1HVC2010	CONCRETE EPOXY HIGH VISCOSITY QUART	01	PHASE 2 APM PACKAGE	L06 - L6 EPOXY LINE	L06	L06 - L6 EPOXY LINE	L06	Finished Good (FG)	\N
1IET1A2H01	INJECTABLE EPOXY TH 3.8KG SET	01	PCI - NO CRN DUE TO NO TRANSACTION	L12 - L12 SPECIAL PRODUCTS - EPOXY BASED	L12	L12 - L12 SPECIAL PRODUCTS - EPOXY BASED	L12	Finished Good (FG)	\N
1LSC5A9A01	LIQUID SKIMCOAT 4 KG	00	0	L01 - L1 COATINGS	L01	L01 - L1 COATINGS	L01	Finished Good (FG)	\N
1LVC2009	CONCRETE EPOXY LOW VISCOSITY GALLON	01	PHASE 2 APM PACKAGE	L12 - L12 SPECIAL PRODUCTS - EPOXY BASED	L12	L12 - L12 SPECIAL PRODUCTS - EPOXY BASED	L12	Finished Good (FG)	\N
1LVC2010	CONCRETE EPOXY LOW VISCOSITY QUART	01	PHASE 2 APM PACKAGE	L12 - L12 SPECIAL PRODUCTS - EPOXY BASED	L12	L12 - L12 SPECIAL PRODUCTS - EPOXY BASED	L12	Finished Good (FG)	\N
1LWG922L	GF300 SPL COLOR  LIWAYWAY GRAY 4L	01	PHASE 2 APM PACKAGE	L01 - L1 COATINGS	L01	L01 - L1 COATINGS	L01	Finished Good (FG)	\N
1M2C2009	MARINE EPOXY GALLON	01	PHASE 2 APM PACKAGE	L06 - L6 EPOXY LINE	L06	L06 - L6 EPOXY LINE	L06	Finished Good (FG)	\N
1M2C2010	MARINE EPOXY QUART	01	PHASE 2 APM PACKAGE	L06 - L6 EPOXY LINE	L06	L06 - L6 EPOXY LINE	L06	Finished Good (FG)	\N
1M2C2012	MARINE EPOXY PINT	01	PHASE 2 APM PACKAGE	L06 - L6 EPOXY LINE	L06	L06 - L6 EPOXY LINE	L06	Finished Good (FG)	\N
1M2C2016	MARINE EPOXY 1/2 PINT	01	PHASE 2 APM PACKAGE	L06 - L6 EPOXY LINE	L06	L06 - L6 EPOXY LINE	L06	Finished Good (FG)	\N
1M2C2017	MARINE EPOXY 1/4 PINT	02	CRN RD25-CR019	L06 - L6 EPOXY LINE	L06	L06 - L6 EPOXY LINE	L06	Finished Good (FG)	\N
1MGR3A3Z01	MIGHTY GASKET RED 300ML CRTG	00	0	L11 - L11 SILICONE FILLING LINE	L11	L11 - L11 SILICONE FILLING LINE	L11	Finished Good (FG)	\N
1MPV2009	511 MULTI PURPOSE EPOXY GALLON	03	PCMR-25-001	L06 - L6 EPOXY LINE	L06	L06 - L6 EPOXY LINE	L06	Finished Good (FG)	\N
1MPV2010	511 MULTI PURPOSE EPOXY QUART	03	PCMR-25-001	L06 - L6 EPOXY LINE	L06	L06 - L6 EPOXY LINE	L06	Finished Good (FG)	\N
1MPV2012	511 MULTI PURPOSE EPOXY PINT	03	PCMR-25-001	L06 - L6 EPOXY LINE	L06	L06 - L6 EPOXY LINE	L06	Finished Good (FG)	\N
1MPV2016	511 MULTI PURPOSE EPOXY 1/2 PT	03	PCMR-25-001	L06 - L6 EPOXY LINE	L06	L06 - L6 EPOXY LINE	L06	Finished Good (FG)	\N
1N1C2009	NON-SAG EPOXY GALLON	01	PHASE 2 APM PACKAGE	L06 - L6 EPOXY LINE	L06	L06 - L6 EPOXY LINE	L06	Finished Good (FG)	\N
1N1C2010	NON-SAG EPOXY QUART	01	PHASE 2 APM PACKAGE	L06 - L6 EPOXY LINE	L06	L06 - L6 EPOXY LINE	L06	Finished Good (FG)	\N
1N1C2012	NON-SAG EPOXY PINT	01	PHASE 2 APM PACKAGE	L06 - L6 EPOXY LINE	L06	L06 - L6 EPOXY LINE	L06	Finished Good (FG)	\N
1N1C2016	NON-SAG EPOXY 1/2 PINT	01	PHASE 2 APM PACKAGE	L06 - L6 EPOXY LINE	L06	L06 - L6 EPOXY LINE	L06	Finished Good (FG)	\N
1N1C2017	NON-SAG EPOXY 1/4 PINT	02	CRN RD25-CR019	L06 - L6 EPOXY LINE	L06	L06 - L6 EPOXY LINE	L06	Finished Good (FG)	\N
1OFX6A3X01	INITIAL BOM	00	\N	L11 - L11 SILICONE FILLING LINE	L11	L11 - L11 SILICONE FILLING LINE	L11	Other / Intermediate	\N
1P5C2009	PLUS FIVE EPOXY GALLON	01	PHASE 2 APM PACKAGE	L12 - L12 SPECIAL PRODUCTS - EPOXY BASED	L12	L12 - L12 SPECIAL PRODUCTS - EPOXY BASED	L12	Finished Good (FG)	\N
1P5C2010	PLUS FIVE EPOXY QUART	01	PHASE 2 APM PACKAGE	L12 - L12 SPECIAL PRODUCTS - EPOXY BASED	L12	L12 - L12 SPECIAL PRODUCTS - EPOXY BASED	L12	Finished Good (FG)	\N
1PBA999J	PAINTER'S BUDDY GAP SEALANT  POUCH 100G	01	PHASE 2 APM PACKAGE	L11 - L11 SILICONE FILLING LINE	L11	L11 - L11 SILICONE FILLING LINE	L11	Finished Good (FG)	\N
1PBB2008	PSBSI BUILDERS BOND GAL 3.8KG	01	PHASE 2 APM PACKAGE	L04B - L4B SEMI AUTO FILLING	L04B	L04B - L4B SEMI AUTO FILLING	L04B	Finished Good (FG)	\N
1PBI9233	PEARL GLAZE GLOSS SAFETY BLACK 1L	02	CRN RD23-CR055	L01 - L1 COATINGS	L01	L01 - L1 COATINGS	L01	Base Material (BM)	\N
1PBS9229	PEARL GLAZE SATIN SAFETY BLUE 4L	02	CRN RD25-CR035 (FOR REVIEW)	L01 - L1 COATINGS	L01	L01 - L1 COATINGS	L01	Finished Good (FG)	\N
1PBS9233	PEARL GLAZE SATIN SAFETY BLUE 1L	02	CRN RD25-CR035 (FOR REVIEW)	L01 - L1 COATINGS	L01	L01 - L1 COATINGS	L01	Finished Good (FG)	\N
1PCT2009	PPRO COAL TAR EPOXY	03	CRN RD24-CR014	L01 - L1 COATINGS	L01	L01 - L1 COATINGS	L01	Finished Good (FG)	\N
1PCW325A	CARPENTERS' WOODWORK 500ML	01	PHASE 2 APM PACKAGE	L12 - L12 SPECIAL PRODUCTS - EPOXY BASED	L12	L12 - L12 SPECIAL PRODUCTS - EPOXY BASED	L12	Base Material (BM)	\N
1PCW325B	WHITE GLUE 500ML BOTTLE	01	PHASE 2 APM PACKAGE	L12 - L12 SPECIAL PRODUCTS - EPOXY BASED	L12	L12 - L12 SPECIAL PRODUCTS - EPOXY BASED	L12	Other / Intermediate	\N
1PCY9229	PEARL GLAZE GLOSS CATERPILLAR YELLOW 4L	02	CRN RD23-CR055	L01 - L1 COATINGS	L01	L01 - L1 COATINGS	L01	Finished Good (FG)	\N
1PEC9B5L	PPRO ELASTOSEAL CARTRIDGE -	01	PHASE 2 APM PACKAGE	L04B - L4B SEMI AUTO FILLING	L04B	L04B - L4B SEMI AUTO FILLING	L04B	Finished Good (FG)	\N
1PER9229	EPOXY REDUCER 4L	03	CRN RD25-CR010	L01 - L1 COATINGS	L01	L01 - L1 COATINGS	L01	Finished Good (FG)	\N
1PFG9229	PEARL GLAZE GLOSS FLANNEL GRAY 4L	02	0	L01 - L1 COATINGS	L01	L01 - L1 COATINGS	L01	Finished Good (FG)	\N
1PFH612J	PSBSI POLYFLEX WHITE 20L	01	PHASE 2 APM PACKAGE	L01 - L1 COATINGS	L01	L01 - L1 COATINGS	L01	Finished Good (FG)	\N
1PFW612J	PIOFLEX WHITE - 20LTRS/PAIL	02	CRN RD23-CR043	L01 - L1 COATINGS	L01	L01 - L1 COATINGS	L01	Finished Good (FG)	\N
1PGC9229	PEARL GLAZE GLOSS CATERPILLAR 4L	01	PHASE 2 APM PACKAGE	L01 - L1 COATINGS	L01	L01 - L1 COATINGS	L01	Finished Good (FG)	\N
1PGD9229	PEARL GLAZE GLOSS DEEP GRAY 4L	02	CRN RD23-CR055	L01 - L1 COATINGS	L01	L01 - L1 COATINGS	L01	Finished Good (FG)	\N
1PGI920G	PEARL GLAZE GLOSS DARK GREEN 4L	02	CRN RD23-CR004	L01 - L1 COATINGS	L01	L01 - L1 COATINGS	L01	Finished Good (FG)	\N
1PGO200F	PEARL GLAZE GLOSS ORANGE ET 300 1L	01	CRN RD23-CR056	L01 - L1 COATINGS	L01	L01 - L1 COATINGS	L01	Finished Good (FG)	\N
1PGO200G	PEARL GLAZE GLOSS ORANGE ET 300 4L	01	CRN RD23-CR056	L01 - L1 COATINGS	L01	L01 - L1 COATINGS	L01	Finished Good (FG)	\N
1PGS1A5D02	INITIAL BOM	00	\N	L01 - L1 COATINGS	L01	L01 - L1 COATINGS	L01	Finished Good (FG)	\N
1PGS1A5E02	INITIAL BOM	00	\N	L01 - L1 COATINGS	L01	L01 - L1 COATINGS	L01	Finished Good (FG)	\N
1PGS9229	PEARL GLAZE SATIN SAFETY GREEN 4L	02	CRN RD25-CR020	L01 - L1 COATINGS	L01	L01 - L1 COATINGS	L01	Finished Good (FG)	\N
1PGS9233	PEARL GLAZE SATIN SAFETY GREEN 1L	02	CRN RD25-CR020	L01 - L1 COATINGS	L01	L01 - L1 COATINGS	L01	Finished Good (FG)	\N
1PGT920G	PG GLOSS DARK GREEN 4L	02	CRN RD23-CR055	L01 - L1 COATINGS	L01	L01 - L1 COATINGS	L01	Finished Good (FG)	\N
1PGW9229	PEARL GLAZE GLOSS WHITE 4L	02	CRN RD25-CR035 (FOR REVIEW)	L01 - L1 COATINGS	L01	L01 - L1 COATINGS	L01	Finished Good (FG)	\N
1PGW9233	PEARL GLAZE GLOSS WHITE 1L	02	CRN RD25-CR035 (FOR REVIEW)	L01 - L1 COATINGS	L01	L01 - L1 COATINGS	L01	Finished Good (FG)	\N
1PIB9229	PEARL GLAZE GLOSS SAFETY BLUE 4L	03	CRN RD23-CR055	L01 - L1 COATINGS	L01	L01 - L1 COATINGS	L01	Finished Good (FG)	\N
1PIB9233	PEARL GLAZE GLOSS SAFETY BLUE 1L	03	CRN RD23-CR055	L01 - L1 COATINGS	L01	L01 - L1 COATINGS	L01	Finished Good (FG)	\N
1PIF9233	PEARL GLAZE GLOSS FLANNEL GRAY 1L	02	CRN RD23-CR055	L01 - L1 COATINGS	L01	L01 - L1 COATINGS	L01	Finished Good (FG)	\N
1PIG9229	PEARL GLAZE GLOSS SAFETY GREEN 4L	02	CRN RD23-CR055	L01 - L1 COATINGS	L01	L01 - L1 COATINGS	L01	Finished Good (FG)	\N
1PIG9233	PEARL GLAZE GLOSS SAFETY GREEN 1L	02	CRN RD23-CR055	L01 - L1 COATINGS	L01	L01 - L1 COATINGS	L01	Finished Good (FG)	\N
1PIO9229	PEARL GLAZE GLOSS SAFETY ORANGE 4L	02	CRN RD23-CR055	L01 - L1 COATINGS	L01	L01 - L1 COATINGS	L01	Finished Good (FG)	\N
1PIO9233	PEARL GLAZE GLOSS SAFETY ORANGE 1L	02	CRN RD23-CR055	L01 - L1 COATINGS	L01	L01 - L1 COATINGS	L01	Finished Good (FG)	\N
1PIR9229	PEARL GLAZE GLOSS SAFETY RED 4L	02	CRN RD23-CR055	L01 - L1 COATINGS	L01	L01 - L1 COATINGS	L01	Finished Good (FG)	\N
1PIR9233	PEARL GLAZE GLOSS SAFETY RED 1L	02	CRN RD23-CR055	L01 - L1 COATINGS	L01	L01 - L1 COATINGS	L01	Finished Good (FG)	\N
1PIW9229	PEARL GLAZE GLOSS WHITE 4L	01	PHASE 2 APM PACKAGE	L01 - L1 COATINGS	L01	L01 - L1 COATINGS	L01	Finished Good (FG)	\N
1PIW9233	PEARL GLAZE GLOSS WHITE 1L	01	PHASE 2 APM PACKAGE	L01 - L1 COATINGS	L01	L01 - L1 COATINGS	L01	Finished Good (FG)	\N
1PIY9229	PEARL GLAZE GLOSS SAFETY YELLOW 4L	02	CRN RD23-CR055	L01 - L1 COATINGS	L01	L01 - L1 COATINGS	L01	Finished Good (FG)	\N
1PIY9233	PEARL GLAZE GLOSS SAFETY YELLOW 1L	02	CRN RD23-CR055	L01 - L1 COATINGS	L01	L01 - L1 COATINGS	L01	Finished Good (FG)	\N
1PJE2009	PIPE JOINTING EPOXY PUTTY GALLON	01	PHASE 2 APM PACKAGE	L12 - L12 SPECIAL PRODUCTS - EPOXY BASED	L12	L12 - L12 SPECIAL PRODUCTS - EPOXY BASED	L12	Finished Good (FG)	\N
1PJE2010	PIPE JOINTING EPOXY PUTTY QUART	01	PHASE 2 APM PACKAGE	L12 - L12 SPECIAL PRODUCTS - EPOXY BASED	L12	L12 - L12 SPECIAL PRODUCTS - EPOXY BASED	L12	Finished Good (FG)	\N
1PLS9229	PEARL GLAZE SATIN SAFETY BLACK 4L	02	CRN RD25-CR035 (FOR REVIEW)	L01 - L1 COATINGS	L01	L01 - L1 COATINGS	L01	Finished Good (FG)	\N
1PLS9233	PEARL GLAZE SATIN SAFETY BLACK 1L	02	CRN RD25-CR035 (FOR REVIEW)	L01 - L1 COATINGS	L01	L01 - L1 COATINGS	L01	Finished Good (FG)	\N
1POS9229	PEARL GLAZE SATIN SAFETY ORANGE 4L	02	CRN RD25-CR035 (FOR REVIEW)	L01 - L1 COATINGS	L01	L01 - L1 COATINGS	L01	Finished Good (FG)	\N
1POS9233	PEARL GLAZE SATIN SAFETY ORANGE 1L	02	CRN RD25-CR035 (FOR REVIEW)	L01 - L1 COATINGS	L01	L01 - L1 COATINGS	L01	Finished Good (FG)	\N
1PRS9229	PEARL GLAZE SATIN SAFETY RED 4L	02	CRN RD25-CR035 (FOR REVIEW)	L01 - L1 COATINGS	L01	L01 - L1 COATINGS	L01	Finished Good (FG)	\N
1PRS9233	PEARL GLAZE SATIN SAFETY RED 1L	02	CRN RD25-CR035 (FOR REVIEW)	L01 - L1 COATINGS	L01	L01 - L1 COATINGS	L01	Finished Good (FG)	\N
1PSB9229	PEARL GLAZE GLOSS SAFETY BLUE 4L	02	CRN RD23-CR055	L01 - L1 COATINGS	L01	L01 - L1 COATINGS	L01	Finished Good (FG)	\N
1PSB9233	PEARL GLAZE GLOSS SAFETY BLUE 1L	03	CRN RD23-CR055	L01 - L1 COATINGS	L01	L01 - L1 COATINGS	L01	Finished Good (FG)	\N
1PSC9229	PEARL GLAZE SATIN CATERPILLAR YELLOW 4L	01	PHASE 2 APM PACKAGE	L01 - L1 COATINGS	L01	L01 - L1 COATINGS	L01	Finished Good (FG)	\N
1PSC9233	PEARL GLAZE SATIN CATERPILLAR YELLOW 1L	02	CRN RD25-CR035 (FOR REVIEW)	L01 - L1 COATINGS	L01	L01 - L1 COATINGS	L01	Finished Good (FG)	\N
1PSC966D	PAINTER'S BUDDY SKIMCOAT GRAY	02	CRN RD24-CR027	L14 - L14 SKIM COAT	L14	L14 - L14 SKIM COAT	L14	Finished Good (FG)	\N
1PSG9229	TO OPTIMIZE BATCHING	03	\N	L01 LABELING/CODING	L01	L01 LABELING/CODING	L01	Finished Good (FG)	\N
1PSG9233	PEARL GLAZE GLOSS SAFETY GREEN 1L	02	CRN RD23-CR055	L01 - L1 COATINGS	L01	L01 - L1 COATINGS	L01	Finished Good (FG)	\N
1PSO9229	PEARL GLAZE GLOSS SAFETY ORANGE 4L	02	CRN RD23-CR055	L01 - L1 COATINGS	L01	L01 - L1 COATINGS	L01	Finished Good (FG)	\N
1PSO9233	PEARL GLAZE GLOSS SAFETY ORANGE 1L	02	CRN RD23-CR055	L01 - L1 COATINGS	L01	L01 - L1 COATINGS	L01	Finished Good (FG)	\N
1PSR9229	PEARL GLAZE GLOSS SAFETY RED 4L	03	CRN RD25-CR035 (FOR REVIEW)	L01 - L1 COATINGS	L01	L01 - L1 COATINGS	L01	Finished Good (FG)	\N
1PSR9233	PEARL GLAZE GLOSS SAFETY RED 1L	02	CRN RD23-CR055	L01 - L1 COATINGS	L01	L01 - L1 COATINGS	L01	Finished Good (FG)	\N
1PSY9229	PEARL GLAZE GLOSS SAFETY YELLOW 4L	03	CRN RD25-CR035 (FOR REVIEW)	L01 - L1 COATINGS	L01	L01 - L1 COATINGS	L01	Finished Good (FG)	\N
1PSY9233	PEARL GLAZE GLOSS SAFETY YELLOW 1L	02	CRN RD23-CR055	L01 - L1 COATINGS	L01	L01 - L1 COATINGS	L01	Finished Good (FG)	\N
1PUB9229	PEARL GLAZE GLOSS ULTRAMARINE BLUE ET 501 4L	02	CRN RD23-CR055	L01 - L1 COATINGS	L01	L01 - L1 COATINGS	L01	Finished Good (FG)	\N
1PUB9233	PEARL GLAZE GLOSS ULTRAMARINE BLUE ET 501 1L	02	CRN RD23-CR055	L01 - L1 COATINGS	L01	L01 - L1 COATINGS	L01	Finished Good (FG)	\N
1PUC1A5E01	GREAT FLOOR 400 PU LIGHT GRAY	00	0	L01 - L1 COATINGS	L01	L01 - L1 COATINGS	L01	Finished Good (FG)	\N
1PUI920G	PEARL GLAZE GLOSS ULTRAMARINE BLUE 4L	02	CRN RD23-CR055	L01 - L1 COATINGS	L01	L01 - L1 COATINGS	L01	Finished Good (FG)	\N
1PUI930G	PEARL GLAZE GLOSS ULTRAMARINE BLUE 1L	02	CRN RD23-CR055	L01 - L1 COATINGS	L01	L01 - L1 COATINGS	L01	Finished Good (FG)	\N
1PUS9229	PEARL GLAZE SATIN ULTRAMARINE BLUE 4L	02	CRN RD25-CR035 (FOR REVIEW)	L01 - L1 COATINGS	L01	L01 - L1 COATINGS	L01	Finished Good (FG)	\N
1PUS9233	PEARL GLAZE SATIN ULTRAMARINE BLUE 1L	02	CRN RD25-CR035 (FOR REVIEW)	L01 - L1 COATINGS	L01	L01 - L1 COATINGS	L01	Finished Good (FG)	\N
1PWS9229	PEARL GLAZE SATIN WHITE 4L	02	CRN RD25-CR035 (FOR REVIEW)	L01 - L1 COATINGS	L01	L01 - L1 COATINGS	L01	Finished Good (FG)	\N
1PWS9233	PEARL GLAZE SATIN WHITE 1L	02	CRN RD25-CR035 (FOR REVIEW)	L01 - L1 COATINGS	L01	L01 - L1 COATINGS	L01	Finished Good (FG)	\N
1PYS9229	PEARL GLAZE SATIN SAFETY YELLOW 4L	03	CRN RD25-CR035 (FOR REVIEW)	L01 - L1 COATINGS	L01	L01 - L1 COATINGS	L01	Finished Good (FG)	\N
1PYS9233	PEARL GLAZE SATIN SAFETY YELLOW 1L	02	CRN RD25-CR035 (FOR REVIEW)	L01 - L1 COATINGS	L01	L01 - L1 COATINGS	L01	Finished Good (FG)	\N
1QDE1A5E41	QUICK DRY ENAMEL DELFT BLUE 4L	02	CRN RD23-CR055	L01 - L1 COATINGS	L01	L01 - L1 COATINGS	L01	Finished Good (FG)	\N
1QDE1A5E42	QUICK DRY ENAMEL CHELSEA GREEN 4L	01	CRN RD23-CR055	L01 - L1 COATINGS	L01	L01 - L1 COATINGS	L01	Finished Good (FG)	\N
1QDE1A5E43	QUICK DRY ENAMEL SEENSAM CREAM IVORY 3305 4L	01	CRN RD23-CR055	L01 - L1 COATINGS	L01	L01 - L1 COATINGS	L01	Finished Good (FG)	\N
1QDE1A5E44	QUICK DRY ENAMEL BAGUIO GREEN 4L	00	0	L01 - L1 COATINGS	L01	L01 - L1 COATINGS	L01	Finished Good (FG)	\N
1S025000	EPS P-TYPE 1.0-25 X 4 X 8	01	PHASE 2 APM PACKAGE	L09 - L9 EPS - BLOCKS	L09	L09 - L9 EPS - BLOCKS	L09	Other / Intermediate	\N
1S860000	EPS P-TYPE 1.5-25 X 4 X 8	01	PHASE 2 APM PACKAGE	L09 - L9 EPS - BLOCKS	L09	L09 - L9 EPS - BLOCKS	L09	Other / Intermediate	\N
1SEC2009	STRUCTURAL EPOXY GALLON	01	PHASE 2 APM PACKAGE	L06 - L6 EPOXY LINE	L06	L06 - L6 EPOXY LINE	L06	Finished Good (FG)	\N
1SF00064	EPS F-TYPE 2.0 25" X 4' X 8'	02	CRN RD24-CR004	L09 - L9 EPS - BLOCKS	L09	L09 - L9 EPS - BLOCKS	L09	Other / Intermediate	\N
1SF25000	EPS F-TYPE 1.5-25 X 4 X 8	02	CRN RD24-CR004	L09 - L9 EPS - BLOCKS	L09	L09 - L9 EPS - BLOCKS	L09	Other / Intermediate	\N
1SUW202L	PSBSI SATURANT UNDERWATER	02	CRN RD25-CR018	L12 - L12 SPECIAL PRODUCTS - EPOXY BASED	L12	L12 - L12 SPECIAL PRODUCTS - EPOXY BASED	L12	Other / Intermediate	\N
1TAD7723-IH	TILE ADHESIVE IN HOUSE	00	CRN RD24-CR027	L14 - L14 SKIM COAT	L14	L14 - L14 SKIM COAT	L14	Finished Good (FG)	\N
1VTS951W	VIETSEAL 123 - 300ML	03	PCMR-25-001	L04B - L4B SEMI AUTO FILLING	L04B	L04B - L4B SEMI AUTO FILLING	L04B	Finished Good (FG)	\N
1W205A5J03	WATER-TITE 200 BARRICADE LAVENDER BLUE 20L	01	PHASE 2 APM PACKAGE	L01 - L1 COATINGS	L01	L01 - L1 COATINGS	L01	Finished Good (FG)	\N
1W205A5J04	WATER-TITE 200 BARRICADE RICH LILAC 20L	01	PHASE 2 APM PACKAGE	L01 - L1 COATINGS	L01	L01 - L1 COATINGS	L01	Finished Good (FG)	\N
1W205A5J05	WATER-TITE 200 BARRICADE CAROLINA BLUE 20L	01	PHASE 2 APM PACKAGE	L01 - L1 COATINGS	L01	L01 - L1 COATINGS	L01	Finished Good (FG)	\N
1W205A5J06	WATER-TITE 200 BARRICADE SLATE GRAY 20L	00	0	L01 - L1 COATINGS	L01	L01 - L1 COATINGS	L01	Finished Good (FG)	\N
1WEB9B13	WINDMILL E-BOND CONSTRUCTION	02	CRN RD23-CR055	L04B - L4B SEMI AUTO FILLING	L04B	L04B - L4B SEMI AUTO FILLING	L04B	Finished Good (FG)	\N
1WEC2009	WHITE EPOXY GALLON	01	PHASE 2 APM PACKAGE	L12 - L12 SPECIAL PRODUCTS - EPOXY BASED	L12	L12 - L12 SPECIAL PRODUCTS - EPOXY BASED	L12	Finished Good (FG)	\N
1WEC2010	WHITE EPOXY QUART	01	PHASE 2 APM PACKAGE	L12 - L12 SPECIAL PRODUCTS - EPOXY BASED	L12	L12 - L12 SPECIAL PRODUCTS - EPOXY BASED	L12	Finished Good (FG)	\N
1WEC2012	WHITE EPOXY PINT	01	PHASE 2 APM PACKAGE	L12 - L12 SPECIAL PRODUCTS - EPOXY BASED	L12	L12 - L12 SPECIAL PRODUCTS - EPOXY BASED	L12	Finished Good (FG)	\N
1WTE2396	WATER-TITE 101	01	PHASE 2 APM PACKAGE	L14 - L14 SKIM COAT	L14	L14 - L14 SKIM COAT	L14	Finished Good (FG)	\N
1WTE612J	WATER-TITE 201 PROFLEX	01	PHASE 2 APM PACKAGE	L01 - L1 COATINGS	L01	L01 - L1 COATINGS	L01	Finished Good (FG)	\N
1WTE920K	WATER-TITE 101	01	PHASE 2 APM PACKAGE	L14 - L14 SKIM COAT	L14	L14 - L14 SKIM COAT	L14	Finished Good (FG)	\N
1WTT572W	WATER-TITE 100 POUCH	00	0	L13 - L13 SPECIAL PRODUCTS - WATER BASED	L13	L13 - L13 SPECIAL PRODUCTS - WATER BASED	L13	Finished Good (FG)	\N
1WTT920K	WATER-TITE 100	01	PHASE 2 APM PACKAGE	L13 - L13 SPECIAL PRODUCTS - WATER BASED	L13	L13 - L13 SPECIAL PRODUCTS - WATER BASED	L13	Finished Good (FG)	\N
2AAM6107	ADHESIVE 76 (AAC101)	01	PHASE 2 APM PACKAGE	L13 - L13 SPECIAL PRODUCTS - WATER BASED	L13	L13 - L13 SPECIAL PRODUCTS - WATER BASED	L13	Finished Good (FG)	\N
2BCE0826	BACKING COMPOUND EPOXY - 10	02	CRN RD35-CR005	L12 - L12 SPECIAL PRODUCTS - EPOXY BASED	L12	L12 - L12 SPECIAL PRODUCTS - EPOXY BASED	L12	Finished Good (FG)	\N
2BPA434L	BONDCRETE 400	02	CRN RD25-CR021	L12 - L12 SPECIAL PRODUCTS - EPOXY BASED	L12	L12 - L12 SPECIAL PRODUCTS - EPOXY BASED	L12	Other / Intermediate	\N
2BYG434L	PAINTERS BUDDY BARRICADE	01	PHASE 2 APM PACKAGE	L01 - L1 COATINGS	L01	L01 - L1 COATINGS	L01	Base Material (BM)	\N
2FFC2009	FORMULA #5 GALLON	01	CRN RD25-CR028 (FOR REVIEW)	L12 - L12 SPECIAL PRODUCTS - EPOXY BASED	L12	L12 - L12 SPECIAL PRODUCTS - EPOXY BASED	L12	Other / Intermediate	\N
2GDG202L	GF300 STD COLOR  DARK GRAY 4L	01	PHASE 2 APM PACKAGE	L01 - L1 COATINGS	L01	L01 - L1 COATINGS	L01	Base Material (BM)	\N
2GLG202L	GF100 SPL COLOR  GRAY SLEX PROJ 4L	01	PHASE 2 APM PACKAGE	L01 - L1 COATINGS	L01	L01 - L1 COATINGS	L01	Finished Good (FG)	\N
2I7C2009	PRC7 LAMINATING EPOXY	01	PHASE 2 APM PACKAGE	L12 - L12 SPECIAL PRODUCTS - EPOXY BASED	L12	L12 - L12 SPECIAL PRODUCTS - EPOXY BASED	L12	Other / Intermediate	\N
2IDC2009	JDJS - GALLON SET	03	CRN RD25-CR028 (FOR REVIEW)	L12 - L12 SPECIAL PRODUCTS - EPOXY BASED	L12	L12 - L12 SPECIAL PRODUCTS - EPOXY BASED	L12	Other / Intermediate	\N
2ILC203W	LCRB INJECTABLE EPOXY 3.8KG	01	PHASE 2 APM PACKAGE	L12 - L12 SPECIAL PRODUCTS - EPOXY BASED	L12	L12 - L12 SPECIAL PRODUCTS - EPOXY BASED	L12	Other / Intermediate	\N
2JFC2009	JF INJECTABLE EPOXY	01	PHASE 2 APM PACKAGE	L12 - L12 SPECIAL PRODUCTS - EPOXY BASED	L12	L12 - L12 SPECIAL PRODUCTS - EPOXY BASED	L12	Other / Intermediate	\N
2JFC2010	JF INJECTABLE - QUART SET	01	PHASE 2 APM PACKAGE	L12 - L12 SPECIAL PRODUCTS - EPOXY BASED	L12	L12 - L12 SPECIAL PRODUCTS - EPOXY BASED	L12	Other / Intermediate	\N
2JTC6130	PPRO PB JOINTING COMPOUND	01	PHASE 2 APM PACKAGE	L12 - L12 SPECIAL PRODUCTS - EPOXY BASED	L12	L12 - L12 SPECIAL PRODUCTS - EPOXY BASED	L12	Base Material (BM)	\N
2MCE201G	MULTI-FILLA 8.55KG	01	PHASE 2 APM PACKAGE	L06 - L6 EPOXY LINE	L06	L06 - L6 EPOXY LINE	L06	Other / Intermediate	\N
2PBT9B13	PPRO POWERBOND - 300 ML.	01	PHASE 2 APM PACKAGE	L04B - L4B SEMI AUTO FILLING	L04B	L04B - L4B SEMI AUTO FILLING	L04B	Other / Intermediate	\N
2PSE6109	PILE SPLICING EPOXY	01	PHASE 2 APM PACKAGE	L12 - L12 SPECIAL PRODUCTS - EPOXY BASED	L12	L12 - L12 SPECIAL PRODUCTS - EPOXY BASED	L12	Other / Intermediate	\N
2UEB2009	UNDERWATER EPOXY PUTTY (BLACK)	02	CRN RD25-CR028 (FOR REVIEW)	L12 - L12 SPECIAL PRODUCTS - EPOXY BASED	L12	L12 - L12 SPECIAL PRODUCTS - EPOXY BASED	L12	Other / Intermediate	\N
3AGS6A1O01	INITIAL BOM - PT PAI	00	\N	L11 - L11 SILICONE FILLING LINE	L11	L11 - L11 SILICONE FILLING LINE	L11	Other / Intermediate	\N
3ANC3A9A01	INITIAL BOM	00	PT PAI	L12 - L12 SPECIAL PRODUCTS - EPOXY BASED	L12	L12 - L12 SPECIAL PRODUCTS - EPOXY BASED	L12	Other / Intermediate	\N
3BBA3A3Z01	TRANSITION TO PRINTED CARTRIDGE	01	PCMR-26-005	L04A - L4A ELASTO MIXING	L04A	L04A - L4A ELASTO MIXING	L04A	Other / Intermediate	\N
3BBA6A1O01	BUILDER'S BOND POUCH 100G	00	PT PAI	L04B - L4B SEMI AUTO FILLING	L04B	L04B - L4B SEMI AUTO FILLING	L04B	Other / Intermediate	\N
3BC43B5E01	PPRO BONDCRETE 400 4L	00	PT PAI	L12 - L12 SPECIAL PRODUCTS - EPOXY BASED	L12	L12 - L12 SPECIAL PRODUCTS - EPOXY BASED	L12	Other / Intermediate	\N
3CB11192	GIP-CONTACT BOND 15ML	02	CRN RD25-CR001	L11 - L11 SILICONE FILLING LINE	L11	L11 - L11 SILICONE FILLING LINE	L11	Other / Intermediate	\N
3CHV1A1A01	CONCRETE EPOXY HV GALLON	02	CRN RD23-CR055	L06 - L6 EPOXY LINE	L06	L06 - L6 EPOXY LINE	L06	Other / Intermediate	\N
3CHV1A2A01	CONCRETE EPOXY HV QUART	02	CRN RD23-CR055	L06 - L6 EPOXY LINE	L06	L06 - L6 EPOXY LINE	L06	Other / Intermediate	\N
3CLE1A1A01	INITIAL BOM	00	PT PAI	L12 - L12 SPECIAL PRODUCTS - EPOXY BASED	L12	L12 - L12 SPECIAL PRODUCTS - EPOXY BASED	L12	Other / Intermediate	\N
3CLP1A3A01	CLEAR MULTIPURPOSE EPOXY 1.6KG SET QUART	01	CRN RD23-CR055	L12 - L12 SPECIAL PRODUCTS - EPOXY BASED	L12	L12 - L12 SPECIAL PRODUCTS - EPOXY BASED	L12	Other / Intermediate	\N
3CLP1A4A01	CLEAR MULTIPURPOSE EPOXY 350G SET 1/2 PINT	01	CRN RD23-CR055	L12 - L12 SPECIAL PRODUCTS - EPOXY BASED	L12	L12 - L12 SPECIAL PRODUCTS - EPOXY BASED	L12	Other / Intermediate	\N
3CLP1A5A01	CLEAR MULTIPURPOSE EPOXY 195G SET 1/4 PINT	01	CRN RD25-CR019	L06 - L6 EPOXY LINE	L06	L06 - L6 EPOXY LINE	L06	Other / Intermediate	\N
3CLV1A1A01	CONCRETE EPOXY LV GALLON	02	CRN RD23-CR055	L12 - L12 SPECIAL PRODUCTS - EPOXY BASED	L12	L12 - L12 SPECIAL PRODUCTS - EPOXY BASED	L12	Other / Intermediate	\N
3CLV1A2A01	CONCRETE EPOXY LV QUART	02	CRN RD23-CR055	L12 - L12 SPECIAL PRODUCTS - EPOXY BASED	L12	L12 - L12 SPECIAL PRODUCTS - EPOXY BASED	L12	Other / Intermediate	\N
3CY13B1M01	CYNO (100 CPS)50G W/ LABEL	00	PT PAI	L02 - L2 CYANO BOTTLE FILLING	L02	L02 - L2 CYANO BOTTLE FILLING	L02	Other / Intermediate	\N
3CY23B1H01	CYNO (2 CPS) - 20G.	00	PT PAI	L02 - L2 CYANO BOTTLE FILLING	L02	L02 - L2 CYANO BOTTLE FILLING	L02	Other / Intermediate	\N
3CY23B1M01	CYNO (2 CPS) - 50G.	00	PT PAI	L02 - L2 CYANO BOTTLE FILLING	L02	L02 - L2 CYANO BOTTLE FILLING	L02	Other / Intermediate	\N
3ESC6A3U01	INITIAL BOM - PT PAI	00	\N	L11 - L11 SILICONE FILLING LINE	L11	L11 - L11 SILICONE FILLING LINE	L11	Other / Intermediate	\N
3ESC6A3X01	INITIAL BOM - PT PAI	00	\N	L11 - L11 SILICONE FILLING LINE	L11	L11 - L11 SILICONE FILLING LINE	L11	Other / Intermediate	\N
3ETF6A1N01	ELASTOSEAL PISILITO	00	PT PAI	L04B - L4B SEMI AUTO FILLING	L04B	L04B - L4B SEMI AUTO FILLING	L04B	Other / Intermediate	\N
3ETF6A1T01	ELASTOSEAL PISIL	00	PT PAI	L04B - L4B SEMI AUTO FILLING	L04B	L04B - L4B SEMI AUTO FILLING	L04B	Other / Intermediate	\N
3GGT0005	BM-GF 200 GREEN TINT KG	02	CRN RD23-CR018	L01 - L1 COATINGS	L01	L01 - L1 COATINGS	L01	Base Material (BM)	\N
3GYT0003	BM-GF 200 YELLOW TINT KG	01	CRN RD23-CR043	L01 - L1 COATINGS	L01	L01 - L1 COATINGS	L01	Base Material (BM)	\N
3IET1A2H01	INJECTABLE EPOXY TH 3.8KG SET	00	PT PAI	L12 - L12 SPECIAL PRODUCTS - EPOXY BASED	L12	L12 - L12 SPECIAL PRODUCTS - EPOXY BASED	L12	Other / Intermediate	\N
3MFS6000	BM-MODAFLOW RESIN SOLUTION	01	PHASE 2 APM PACKAGE	L01 - L1 COATINGS	L01	L01 - L1 COATINGS	L01	Base Material (BM)	\N
3MSM1A1A01	MAESTRO MARINE EPOXY GALLON	03	CRN RD23-CR053_PT PAI	L06 - L6 EPOXY LINE	L06	L06 - L6 EPOXY LINE	L06	Other / Intermediate	\N
3MSM1A2A01	MAESTRO MARINE EPOXY QUART	03	CRN RD23-CR053_PT PAI	L06 - L6 EPOXY LINE	L06	L06 - L6 EPOXY LINE	L06	Other / Intermediate	\N
3MSM1A3A01	MAESTRO MARINE EPOXY PINT	03	CRN RD23-CR053_PT PAI	L06 - L6 EPOXY LINE	L06	L06 - L6 EPOXY LINE	L06	Other / Intermediate	\N
3MSM1A4A01	MAESTRO MARINE EPOXY 1/2 PINT	03	CRN RD23-CR053_PT PAI	L06 - L6 EPOXY LINE	L06	L06 - L6 EPOXY LINE	L06	Other / Intermediate	\N
3MSM1A5A01	MAESTRO MARINE EPOXY 1/4 PINT	04	CRN RD25-CR019	L06 - L6 EPOXY LINE	L06	L06 - L6 EPOXY LINE	L06	Other / Intermediate	\N
3PER7000	BM-EPOXY REDUCER KG	01	PHASE 2 APM PACKAGE	L01 - L1 COATINGS	L01	L01 - L1 COATINGS	L01	Base Material (BM)	\N
3PGE7000	BM-PG GLOSS TINT YELLOW OXIDE	02	CRN RD23-CR040	L01 - L1 COATINGS	L01	L01 - L1 COATINGS	L01	Base Material (BM)	\N
3PGG1A5D21	PG GLOSS LEAF GREEN 1L	02	CRN RD23-CR055	L01 - L1 COATINGS	L01	L01 - L1 COATINGS	L01	Finished Good (FG)	\N
3PGG1A5D25	PEARL GLAZE GLOSS DEEP GRAY 1L	00	PT PAI	L01 - L1 COATINGS	L01	L01 - L1 COATINGS	L01	Finished Good (FG)	\N
3PGG1A5D26	PEARL GLAZE GLOSS CATERPILLAR YELLOW 1L	00	PT PAI	L01 - L1 COATINGS	L01	L01 - L1 COATINGS	L01	Finished Good (FG)	\N
3PGG1A5E23	PG GLOSS LEAF GREEN 4L	02	CRN RD23-CR055	L01 - L1 COATINGS	L01	L01 - L1 COATINGS	L01	Finished Good (FG)	\N
3PGG1A5E25	PEARL GLAZE GLOSS DEEP GRAY 4L	00	PT PAI	L01 - L1 COATINGS	L01	L01 - L1 COATINGS	L01	Finished Good (FG)	\N
3PGG1A5E26	PEARL GLAZE GLOSS CATERPILLAR YELLOW 4L	00	PT PAI	L01 - L1 COATINGS	L01	L01 - L1 COATINGS	L01	Finished Good (FG)	\N
3PGK7000	BM-PG GLOSS TINT BLACK	01	PHASE 2 APM PACKAGE	L01 - L1 COATINGS	L01	L01 - L1 COATINGS	L01	Base Material (BM)	\N
3PGO7000	BM-PG GLOSS TINT ORANGE	01	PHASE 2 APM PACKAGE	L01 - L1 COATINGS	L01	L01 - L1 COATINGS	L01	Base Material (BM)	\N
3PGR7000	BM-PG GLOSS TINT RED	01	PHASE 2 APM PACKAGE	L01 - L1 COATINGS	L01	L01 - L1 COATINGS	L01	Base Material (BM)	\N
3PGY7000	BM-PG GLOSS TINT YELLOW KG	02	CRN RD23-CR040	L01 - L1 COATINGS	L01	L01 - L1 COATINGS	L01	Base Material (BM)	\N
3PJP1A4A01	PPRO PIPE JOINTING EPOXY PUTTY	00	PT PAI	L12 - L12 SPECIAL PRODUCTS - EPOXY BASED	L12	L12 - L12 SPECIAL PRODUCTS - EPOXY BASED	L12	Finished Good (FG)	\N
3RC11A3W01	RC1 LUBRICATING SPRAY 100ML	00	PT PAI	L11 - L11 SILICONE FILLING LINE	L11	L11 - L11 SILICONE FILLING LINE	L11	Finished Good (FG)	\N
3SUE1A2G01	INITIAL BOM	00	PT PAI	L12 - L12 SPECIAL PRODUCTS - EPOXY BASED	L12	L12 - L12 SPECIAL PRODUCTS - EPOXY BASED	L12	Finished Good (FG)	\N
3W101A2J01	WATERTITE 100 4.54 KG	02	CRN RD23-CR055	L13 - L13 SPECIAL PRODUCTS - WATER BASED	L13	L13 - L13 SPECIAL PRODUCTS - WATER BASED	L13	Finished Good (FG)	\N
3W106A1R01	WATERTITE 100 200G POUCH	02	CRN RD23-CR055	L13 - L13 SPECIAL PRODUCTS - WATER BASED	L13	L13 - L13 SPECIAL PRODUCTS - WATER BASED	L13	Finished Good (FG)	\N
3W415A2Q01	WATER-TITE 401 PU PLUS 20KG PAIL	00	PT PAI	L13 - L13 SPECIAL PRODUCTS - WATER BASED	L13	L13 - L13 SPECIAL PRODUCTS - WATER BASED	L13	Finished Good (FG)	\N
3W415A9A01	WATER-TITE 401 PU PLUS 4 KG	03	CRN RD23-CR055	L13 - L13 SPECIAL PRODUCTS - WATER BASED	L13	L13 - L13 SPECIAL PRODUCTS - WATER BASED	L13	Finished Good (FG)	\N
3WDG5A2B01	PIONEER WOOD GLUE D3 500G	00	PT PAI	L13 - L13 SPECIAL PRODUCTS - WATER BASED	L13	L13 - L13 SPECIAL PRODUCTS - WATER BASED	L13	Finished Good (FG)	\N
3WDG5A2L01	WOOD GLUE 10KG	00	PT PAI	L13 - L13 SPECIAL PRODUCTS - WATER BASED	L13	L13 - L13 SPECIAL PRODUCTS - WATER BASED	L13	Finished Good (FG)	\N
3WPF5A5E01	WATER-TITE POWERFLEX 4L	00	PT PAI	L01 - L1 COATINGS	L01	L01 - L1 COATINGS	L01	Finished Good (FG)	\N
3WPF5A5I01	INITIAL BOM - PT PAI	00	\N	L01 - L1 COATINGS	L01	L01 - L1 COATINGS	L01	Finished Good (FG)	\N
4BBA4A8A01	BUILDERS BOND INDIA 180L	00	1. TEMPORARY ARRANGEMENT ONLY\n2. STEEL DRUM OPEN TYPE 200L NOT PART OF THE BOM (Recycled drum to be used, ex. Silicone Drum)	L04B - L4B SEMI AUTO FILLING	L04B	L04B - L4B SEMI AUTO FILLING	L04B	Finished Good (FG)	\N
4BRB2A9A01	BUILDERS BOND RESIN BLEND 20 KGS	00	PAPL	L13 - L13 SPECIAL PRODUCTS - WATER BASED	L13	L13 - L13 SPECIAL PRODUCTS - WATER BASED	L13	Finished Good (FG)	\N
4ERB2A9A01	ELASTOSEAL RESIN BLEND 20 KGS	00	PAPL	L13 - L13 SPECIAL PRODUCTS - WATER BASED	L13	L13 - L13 SPECIAL PRODUCTS - WATER BASED	L13	Other / Intermediate	\N
4ETF4A8A01	ELASTOSEAL INDIA 180L	00	1. TEMPORARY ARRANGEMENT ONLY\n2. STEEL DRUM OPEN TYPE 200L NOT PART OF THE BOM (Recycled drum to be used, ex. Silicone Drum)	L04B - L4B SEMI AUTO FILLING	L04B	L04B - L4B SEMI AUTO FILLING	L04B	Finished Good (FG)	\N
4ETF6A1I01	ELASTOSEAL 25G SAMPLE	00	PAPL	L04B - L4B SEMI AUTO FILLING	L04B	L04B - L4B SEMI AUTO FILLING	L04B	Finished Good (FG)	\N
4WPF5A5E01	WATER-TITE POWERFLEX 4L	00	PAPL	L01 - L1 COATINGS	L01	L01 - L1 COATINGS	L01	Finished Good (FG)	\N
4WPF5A5I01	WATER-TITE POWERFLEX 16L	00	PAPL	L01 - L1 COATINGS	L01	L01 - L1 COATINGS	L01	Finished Good (FG)	\N
5APE1A1A01	ALL PURPOSE EPOXY GALLON_ING TAT MALAYSIA	01	\N	L06 - L6 EPOXY LINE	L06	L06 - L6 EPOXY LINE	L06	Finished Good (FG)	\N
5APE1A2A01	ALL PURPOSE EPOXY QUART_ING TAT MALAYSIA	01	\N	L06 - L6 EPOXY LINE	L06	L06 - L6 EPOXY LINE	L06	Finished Good (FG)	\N
5APE1A3A01	ALL PURPOSE EPOXY PINT_ING TAT MALAYSIA	02	\N	L06 - L6 EPOXY LINE	L06	L06 - L6 EPOXY LINE	L06	Finished Good (FG)	\N
5APE1A4A01	ALL PURPOSE EPOXY 1/2 PINT_ING TAT MALAYSIA	02	\N	L06 - L6 EPOXY LINE	L06	L06 - L6 EPOXY LINE	L06	Finished Good (FG)	\N
5APE1A5A01	ALL PURPOSE EPOXY 1/4 PINT_ING TAT MALAYSIA	02	\N	L06 - L6 EPOXY LINE	L06	L06 - L6 EPOXY LINE	L06	Finished Good (FG)	\N
5BBA6A1O01	BUILDERS BOND 100G	00	PACIFIC INTERNATIONAL-IMG	L04B - L4B SEMI AUTO FILLING	L04B	L04B - L4B SEMI AUTO FILLING	L04B	Finished Good (FG)	\N
5EPP1A5E01	EPOXY PRIMER GRAY 4 LITERS	00	IMG	L01 - L1 COATINGS	L01	L01 - L1 COATINGS	L01	Finished Good (FG)	\N
5ESC3A3Z01	ELASTOSEAL CLEAR 300ML	00	PACIFIC INTERNATIONAL-IMG	L11 - L11 SILICONE FILLING LINE	L11	L11 - L11 SILICONE FILLING LINE	L11	Finished Good (FG)	\N
5ESC6A3U01	ELASTOSEAL CLEAR 65ML	00	PACIFIC INTERNATIONAL-IMG	L11 - L11 SILICONE FILLING LINE	L11	L11 - L11 SILICONE FILLING LINE	L11	Finished Good (FG)	\N
5ESC6A3X01	ELASTOSEAL CLEAR 185ML	00	PACIFIC INTERNATIONAL-IMG	L11 - L11 SILICONE FILLING LINE	L11	L11 - L11 SILICONE FILLING LINE	L11	Finished Good (FG)	\N
5ESP1A5E01	EPOXY STEEL PRIMER GRAY 4L	00	IMG	L01 - L1 COATINGS	L01	L01 - L1 COATINGS	L01	Finished Good (FG)	\N
5ETF1A5B01	PPRO ELASTOSEAL 1/4 LITER	00	PACIFIC INTERNATIONAL-IMG	L04B - L4B SEMI AUTO FILLING	L04B	L04B - L4B SEMI AUTO FILLING	L04B	Finished Good (FG)	\N
5ETF1A5C01	PPRO ELASTOSEAL 1/2 LITER	00	PACIFIC INTERNATIONAL-IMG	L04B - L4B SEMI AUTO FILLING	L04B	L04B - L4B SEMI AUTO FILLING	L04B	Finished Good (FG)	\N
5ETF1A5D01	PPRO ELASTOSEAL 1 LITER	00	PACIFIC INTERNATIONAL-IMG	L04B - L4B SEMI AUTO FILLING	L04B	L04B - L4B SEMI AUTO FILLING	L04B	Finished Good (FG)	\N
5ETF1A5E01	PPRO ELASTOSEAL 4 LITER	00	PACIFIC INTERNATIONAL-IMG	L04B - L4B SEMI AUTO FILLING	L04B	L04B - L4B SEMI AUTO FILLING	L04B	Finished Good (FG)	\N
5ETF3A3Z01	PPRO ELASTOSEAL 300ML X 24	00	PACIFIC INTERNATIONAL-IMG	L04B - L4B SEMI AUTO FILLING	L04B	L04B - L4B SEMI AUTO FILLING	L04B	Finished Good (FG)	\N
5ETF6A1O01	PIONEER ELASTOSEAL 100GMS	00	PACIFIC INTERNATIONAL-IMG	L04B - L4B SEMI AUTO FILLING	L04B	L04B - L4B SEMI AUTO FILLING	L04B	Finished Good (FG)	\N
5ETF6A1T01	PPRO ELASTOSEAL PISIL - 250G	00	PACIFIC INTERNATIONAL-IMG	L04B - L4B SEMI AUTO FILLING	L04B	L04B - L4B SEMI AUTO FILLING	L04B	Finished Good (FG)	\N
5MAE1A1A01	MARINE EPOXY-GALLON SET	00	PACIFIC INTERNATIONAL-IMG	L06 - L6 EPOXY LINE	L06	L06 - L6 EPOXY LINE	L06	Finished Good (FG)	\N
5MAE1A2A01	MARINE EPOXY - QUART SET	00	PACIFIC INTERNATIONAL-IMG	L06 - L6 EPOXY LINE	L06	L06 - L6 EPOXY LINE	L06	Finished Good (FG)	\N
5MAE1A3A01	MARINE EPOXY - PINT SET	00	PACIFIC INTERNATIONAL-IMG	L06 - L6 EPOXY LINE	L06	L06 - L6 EPOXY LINE	L06	Finished Good (FG)	\N
5MAE1A4A01	MARINE EPOXY - 1/2 PINT SET	00	PACIFIC INTERNATIONAL-IMG	L06 - L6 EPOXY LINE	L06	L06 - L6 EPOXY LINE	L06	Finished Good (FG)	\N
5MAE1A5A01	MARINE EPOXY - 1/4 PINT SET	01	CRN RD25-CR019	L06 - L6 EPOXY LINE	L06	L06 - L6 EPOXY LINE	L06	Finished Good (FG)	\N
5NSE1A3A01	PIONEER NON-SAG EPOXY PINT	00	ING TAT	L06 - L6 EPOXY LINE	L06	L06 - L6 EPOXY LINE	L06	Finished Good (FG)	\N
5NSE1A4A01	PIONEER NON-SAG EPOXY 1/2 PINT	00	ING TAT	L06 - L6 EPOXY LINE	L06	L06 - L6 EPOXY LINE	L06	Finished Good (FG)	\N
5NSE1A5A01	PIONEER NON-SAG EPOXY 1/4 PINT	00	ING TAT	L06 - L6 EPOXY LINE	L06	L06 - L6 EPOXY LINE	L06	Finished Good (FG)	\N
5WDG3B2B01	PIONEER WOOD GLUE 500G BOTTLE	00	PACIFIC INTERNATIONAL	L13 - L13 SPECIAL PRODUCTS - WATER BASED	L13	L13 - L13 SPECIAL PRODUCTS - WATER BASED	L13	Finished Good (FG)	\N
B35000005	BULKMIX BACKING COMPOUND STANDARD A	00	RD23-CR024 -FROM EXPLODED TO BMs	L12 - L12 SPECIAL PRODUCTS - EPOXY BASED	L12	L12 - L12 SPECIAL PRODUCTS - EPOXY BASED	L12	Base Material (BM)	\N
B60000025	BULKMIX QUICK DRY ENAMEL SEENSAM CREAM IVORY  3305	00	0	L01 - L1 COATINGS	L01	L01 - L1 COATINGS	L01	Base Material (BM)	\N
B60000053	BULKMIX QDE SILVER GREY	00	REPROCESS	L01 - L1 COATINGS	L01	L01 - L1 COATINGS	L01	Base Material (BM)	\N
B60000059	BM - PG GLOSS SAFETY BLUE PART A	02	CRN RD22-CR038	L01 - L1 COATINGS	L01	L01 - L1 COATINGS	L01	Base Material (BM)	\N
B60000085	BULKMIX - EPOXY ENAMEL SIGNAL VIOLET	00	0	L01 - L1 COATINGS	L01	L01 - L1 COATINGS	L01	Base Material (BM)	\N
B60000125	INITIAL BOM	00	CRN RD25-CR035	L01 - L1 COATINGS	L01	L01 - L1 COATINGS	L01	Base Material (BM)	\N
B60000131	BM - GF 300 GREEN PART A	00	0	L01 - L1 COATINGS	L01	L01 - L1 COATINGS	L01	Base Material (BM)	\N
B60000144	BM - GF 200 DARK GREY PART A	01	CRN RD25-CR008	L01 - L1 COATINGS	L01	L01 - L1 COATINGS	L01	Base Material (BM)	\N
B60000149	BM - GF 200 LIGHT GREY PART A	00	FOR REVIEW	L01 - L1 COATINGS	L01	L01 - L1 COATINGS	L01	Base Material (BM)	\N
B60000151	BM - GF 200 WHITE PART A	00	0	L01 - L1 COATINGS	L01	L01 - L1 COATINGS	L01	Base Material (BM)	\N
B60000156	BM - PG GLOSS CATEPILLAR YELLOW PART A	02	PT PAI	L01 - L1 COATINGS	L01	L01 - L1 COATINGS	L01	Base Material (BM)	\N
B60000157	BM - PG GLOSS DEEP GRAY PART A	00	PT PAI	L01 - L1 COATINGS	L01	L01 - L1 COATINGS	L01	Base Material (BM)	\N
B60000158	BM - PG GLOSS SAFETY BLACK PART A	01	PHASE 2 APM PACKAGE	L01 - L1 COATINGS	L01	L01 - L1 COATINGS	L01	Base Material (BM)	\N
B60000159	BM - PG SATIN SAFETY BLUE PART A	02	CRN RD25-CR035 (FOR REVIEW)	L01 - L1 COATINGS	L01	L01 - L1 COATINGS	L01	Base Material (BM)	\N
B60000160	BM - COAL TAR EPOXY PART A	00	0	L01 - L1 COATINGS	L01	L01 - L1 COATINGS	L01	Base Material (BM)	\N
B60000161	BM - PG GLOSS FLANNEL GRAY PART A	00	IMG	L01 - L1 COATINGS	L01	L01 - L1 COATINGS	L01	Base Material (BM)	\N
B60000165	BM - PG GLOSS IMG ORANGE PART A	00	0	L01 - L1 COATINGS	L01	L01 - L1 COATINGS	L01	Base Material (BM)	\N
B60000167	BM - PG GLOSS WHITE PART A	01	PHASE 2 APM PACKAGE	L01 - L1 COATINGS	L01	L01 - L1 COATINGS	L01	Base Material (BM)	\N
B60000168	BM - PG GLOSS SAFETY YELLOW PART A	00	FOR REVIEW	L01 - L1 COATINGS	L01	L01 - L1 COATINGS	L01	Base Material (BM)	\N
B60000169	BM - PG SATIN SAFETY BLACK PART A	00	0	L01 - L1 COATINGS	L01	L01 - L1 COATINGS	L01	Base Material (BM)	\N
B60000170	BM - PG SATIN SAFETY ORANGE PART A	01	PHASE 2 APM PACKAGE	L01 - L1 COATINGS	L01	L01 - L1 COATINGS	L01	Base Material (BM)	\N
B60000171	BM - PG SATIN SAFETY RED PART A	00	FOR REVIEW	L01 - L1 COATINGS	L01	L01 - L1 COATINGS	L01	Base Material (BM)	\N
B60000183	BM - BARRICADE EGGSHELL WHITE	01	PHASE 2 APM PACKAGE	L01 - L1 COATINGS	L01	L01 - L1 COATINGS	L01	Base Material (BM)	\N
B60000197	BM - PG SATIN NILE GREEN PART A	00	FOR REVIEW	L01 - L1 COATINGS	L01	L01 - L1 COATINGS	L01	Base Material (BM)	\N
B60000203	BM - PG SATIN NANCY GRAY PART A	00	0	L01 - L1 COATINGS	L01	L01 - L1 COATINGS	L01	Base Material (BM)	\N
B60000270	BULKMIX _GF 300 BLUE GREEN_PART A	00	0	L01 - L1 COATINGS	L01	L01 - L1 COATINGS	L01	Base Material (BM)	\N
B60000276	BM- GF 200 SPL. COLOR PEBBLE GREY PART A	01	CRN RD25-CR013	L01 - L1 COATINGS	L01	L01 - L1 COATINGS	L01	Base Material (BM)	\N
B60000280	BM- PU FLOORING LIGHT GRAY PART A	00	0	L01 - L1 COATINGS	L01	L01 - L1 COATINGS	L01	Base Material (BM)	\N
BM000005	BULK MIX - PB36 CONSTRUCTION	02	CRN RD24-CR030	L04A - L4A ELASTO MIXING	L04A	L04A - L4A ELASTO MIXING	L04A	Base Material (BM)	\N
BM000047	BULK MIX-PILE SPLICING EPOXY A	01	PHASE 2 APM PACKAGE	L12 - L12 SPECIAL PRODUCTS - EPOXY BASED	L12	L12 - L12 SPECIAL PRODUCTS - EPOXY BASED	L12	Base Material (BM)	\N
BM000048	BULK MIX-PILE SPLICING EPOXY B	01	PHASE 2 APM PACKAGE	L12 - L12 SPECIAL PRODUCTS - EPOXY BASED	L12	L12 - L12 SPECIAL PRODUCTS - EPOXY BASED	L12	Base Material (BM)	\N
BM000052	BULKMIX- MELVEST LAMINATING B	02	CRN RD23-CR043	L12 - L12 SPECIAL PRODUCTS - EPOXY BASED	L12	L12 - L12 SPECIAL PRODUCTS - EPOXY BASED	L12	Base Material (BM)	\N
BM000054	BULK MIX - NON SAG EPOXY B	02	CRN RD23-CR041	L06 - L6 EPOXY LINE	L06	L06 - L6 EPOXY LINE	L06	Base Material (BM)	\N
BM000055	OPTIMIZED BM MIXING PROCESS FOR PAPE PART A – Line 6	05	\N	L06 MIXING	L06	L06 MIXING	L06	Base Material (BM)	\N
BM000071	BULKMIX- ETL WHITE PART B	01	PHASE 2 APM PACKAGE	L01 - L1 COATINGS	L01	L01 - L1 COATINGS	L01	Base Material (BM)	\N
BM000082	BULKMIX- PG ANTI FOULING PAINT BLUE A	01	PHASE 2 APM PACKAGE	L01 - L1 COATINGS	L01	L01 - L1 COATINGS	L01	Base Material (BM)	\N
FGI00043	ELASTOSEAL 500G	03	CRN RD23-CR055	L04B - L4B SEMI AUTO FILLING	L04B	L04B - L4B SEMI AUTO FILLING	L04B	Finished Good (FG)	\N
FGI00044	ELASTOSEAL 85G	02	CRN RD23-CR055	L04B - L4B SEMI AUTO FILLING	L04B	L04B - L4B SEMI AUTO FILLING	L04B	Finished Good (FG)	\N
FGI00048	CONCRETE EPOXY 10HV 2.5KG	02	CRN RD23-CR055	L06 - L6 EPOXY LINE	L06	L06 - L6 EPOXY LINE	L06	Finished Good (FG)	\N
FGI00080	CLEAR EPOXY (PREMIUM)-800G	02	CRN RD23-CR055	L12 - L12 SPECIAL PRODUCTS - EPOXY BASED	L12	L12 - L12 SPECIAL PRODUCTS - EPOXY BASED	L12	Other / Intermediate	\N
FGI00085	ELASTOSEAL 1KG	02	CRN RD23-CR055	L04B - L4B SEMI AUTO FILLING	L04B	L04B - L4B SEMI AUTO FILLING	L04B	Finished Good (FG)	\N
FGI00100	CONCRETE EPOXY 10HV 495G	02	CRN RD23-CR055	L06 - L6 EPOXY LINE	L06	L06 - L6 EPOXY LINE	L06	Finished Good (FG)	\N
FGI00101	BUILDERS BOND 100G	02	CRN RD23-CR055	L04B - L4B SEMI AUTO FILLING	L04B	L04B - L4B SEMI AUTO FILLING	L04B	Other / Intermediate	\N
FGI00102	CONTACT BOND 10ML	03	CRN RD25-CR001	L10 - L10 CONTACT BOND	L10	L10 - L10 CONTACT BOND	L10	Other / Intermediate	\N
FGI00135	PIONEER ALL PURPOSE EPOXY 1/4	03	CRN RD25-CR019	L06 - L6 EPOXY LINE	L06	L06 - L6 EPOXY LINE	L06	Finished Good (FG)	\N
FGI00141	PG GLOSS SAFETY BLACK 1 LITER	02	CRN RD23-CR055	L01 - L1 COATINGS	L01	L01 - L1 COATINGS	L01	Finished Good (FG)	\N
FGI00145	PG GLOSS SAFETY GREEN 1L	02	CRN RD23-CR055	L01 - L1 COATINGS	L01	L01 - L1 COATINGS	L01	Base Material (BM)	\N
FGI00146	PG GLOSS SAFETY GREEN 4L	02	CRN RD23-CR055	L01 - L1 COATINGS	L01	L01 - L1 COATINGS	L01	Base Material (BM)	\N
FGI00147	PG GLOSS SAFETY ORANGE 1L	02	CRN RD23-CR055	L01 - L1 COATINGS	L01	L01 - L1 COATINGS	L01	Base Material (BM)	\N
FGI00148	PG GLOSS SAFETY ORANGE 4L	02	CRN RD23-CR055	L01 - L1 COATINGS	L01	L01 - L1 COATINGS	L01	Base Material (BM)	\N
FGI00149	PG GLOSS SAFETY RED 1 LITER	02	CRN RD23-CR055	L01 - L1 COATINGS	L01	L01 - L1 COATINGS	L01	Base Material (BM)	\N
FGI00150	PG GLOSS SAFETY RED 4L	02	CRN RD23-CR055	L01 - L1 COATINGS	L01	L01 - L1 COATINGS	L01	Base Material (BM)	\N
FGI00151	PG GLOSS SAFETY YELLOW 1L	02	CRN RD23-CR055	L01 - L1 COATINGS	L01	L01 - L1 COATINGS	L01	Base Material (BM)	\N
FGI00152	PG GLOSS SAFETY YELLOW 4L	02	CRN RD23-CR055	L01 - L1 COATINGS	L01	L01 - L1 COATINGS	L01	Base Material (BM)	\N
FGI00156	PG GLOSS WHITE 4L	02	CRN RD23-CR055	L01 - L1 COATINGS	L01	L01 - L1 COATINGS	L01	Finished Good (FG)	\N
FGI00172	PG GLOSS U. BLUE ET501 4L	02	CRN RD23-CR055	L01 - L1 COATINGS	L01	L01 - L1 COATINGS	L01	Base Material (BM)	\N
FGI00173	PEARL GLAZE GLOSS ULTRAMARINE BLUE ET 501 1L	01	CRN RD23-CR055	L01 - L1 COATINGS	L01	L01 - L1 COATINGS	L01	Base Material (BM)	\N
FGP00031	LCRB Epoxy-UNLABELLED 3.8 KG	01	0	L12 - L12 SPECIAL PRODUCTS - EPOXY BASED	L12	L12 - L12 SPECIAL PRODUCTS - EPOXY BASED	L12	Finished Good (FG)	\N
FGP00045	SATURANT UNDERWATER LV 3KG KIT	03	CRN RD25-CR018	L12 - L12 SPECIAL PRODUCTS - EPOXY BASED	L12	L12 - L12 SPECIAL PRODUCTS - EPOXY BASED	L12	Finished Good (FG)	\N
FGP00051	LATEX PAINT FLAT WHITE 16L	01	PHASE 2 APM PACKAGE	L01 - L1 COATINGS	L01	L01 - L1 COATINGS	L01	Finished Good (FG)	\N
FGP00055	LATEX PAINT SEMGLOSS WHITE 16L	01	PHASE 2 APM PACKAGE	L01 - L1 COATINGS	L01	L01 - L1 COATINGS	L01	Finished Good (FG)	\N
FGT00103	PVC SOLVENT CEMENT 85ML	01	PHASE 2 APM PACKAGE	L12 - L12 SPECIAL PRODUCTS - EPOXY BASED	L12	L12 - L12 SPECIAL PRODUCTS - EPOXY BASED	L12	Other / Intermediate	\N
FGT00104	CONTACT BOND BOTTLE 50ML TWIN	01	PHASE 2 APM PACKAGE	L10 - L10 CONTACT BOND	L10	L10 - L10 CONTACT BOND	L10	Finished Good (FG)	\N
FGT00111	PIPE JOINTING EPOXY PUTTY 1/2 PINT	01	PHASE 2 APM PACKAGE	L12 - L12 SPECIAL PRODUCTS - EPOXY BASED	L12	L12 - L12 SPECIAL PRODUCTS - EPOXY BASED	L12	Finished Good (FG)	\N
FGT00117	ELASTOSEAL CLEAR PISILITO	01	PHASE 2 APM PACKAGE	L11 - L11 SILICONE FILLING LINE	L11	L11 - L11 SILICONE FILLING LINE	L11	Finished Good (FG)	\N
FGT00128	GF200 SPL COLOR  LIGHT GRAY HONDA ILOILO 4L	01	PHASE 2 APM PACKAGE	L01 - L1 COATINGS	L01	L01 - L1 COATINGS	L01	Finished Good (FG)	\N
FGT00129	GF200 SPL COLOR  LIGHT BEIGE HONDA ILOILO 4L	01	PHASE 2 APM PACKAGE	L01 - L1 COATINGS	L01	L01 - L1 COATINGS	L01	Finished Good (FG)	\N
FGT00144	ELASTOKWIK 1/4L	01	PHASE 2 APM PACKAGE	L04B - L4B SEMI AUTO FILLING	L04B	L04B - L4B SEMI AUTO FILLING	L04B	Finished Good (FG)	\N
FGT00145	ELASTOKWIK 30 ML	01	PHASE 2 APM PACKAGE	L04C - L4C ATO FILLING	L04C	L04C - L4C ATO FILLING	L04C	Finished Good (FG)	\N
FGT00146	ELASTOKWIK PISILITO	01	PHASE 2 APM PACKAGE	L04C - L4C ATO FILLING	L04C	L04C - L4C ATO FILLING	L04C	Finished Good (FG)	\N
FGT00148	GF300 STD COLOR  WHITE 4L	01	PHASE 2 APM PACKAGE	L01 - L1 COATINGS	L01	L01 - L1 COATINGS	L01	Base Material (BM)	\N
FGT00155	GF200 STD COLOR  TOYOTA DARK GREEN 4L	01	PHASE 2 APM PACKAGE	L01 - L1 COATINGS	L01	L01 - L1 COATINGS	L01	Base Material (BM)	\N
FGT00158	GF200 SPL COLOR  TOYOTA YELLOW 4L	02	CRN RD23-CR055	L01 - L1 COATINGS	L01	L01 - L1 COATINGS	L01	Base Material (BM)	\N
FGT00159	CONTACT BOND 10ML SACHET	03	CRN RD25-CR001	L10 - L10 CONTACT BOND	L10	L10 - L10 CONTACT BOND	L10	Other / Intermediate	\N
FGT00167	GF300 SPL COLOR  GINEBRA GREEN	01	PHASE 2 APM PACKAGE	L01 - L1 COATINGS	L01	L01 - L1 COATINGS	L01	Finished Good (FG)	\N
FGT00169	GF200 SPL COLOR  LIGHT GRAY ULTRADE 4L	01	PHASE 2 APM PACKAGE	L01 - L1 COATINGS	L01	L01 - L1 COATINGS	L01	Base Material (BM)	\N
FGT00182	GF300 SPL COLOR  SULPICIO GREEN 4L	01	PHASE 2 APM PACKAGE	L01 - L1 COATINGS	L01	L01 - L1 COATINGS	L01	Finished Good (FG)	\N
FGT00185	GF200 SPL COLOR  NEON GREEN 4L	01	PHASE 2 APM PACKAGE	L01 - L1 COATINGS	L01	L01 - L1 COATINGS	L01	Finished Good (FG)	\N
FGT00208	GF 300 LS PILOT BLUE 4L	01	PHASE 2 APM PACKAGE-INACTIVE	L01 - L1 COATINGS	L01	L01 - L1 COATINGS	L01	Finished Good (FG)	\N
FGT00210	GF300 SPL COLOR  TOYOTA YELLOW 4L	01	PHASE 2 APM PACKAGE	L01 - L1 COATINGS	L01	L01 - L1 COATINGS	L01	Base Material (BM)	\N
FGT00217	GF 300 TOYOTA NILE GREEN 4L	01	PHASE 2 APM PACKAGE	L01 - L1 COATINGS	L01	L01 - L1 COATINGS	L01	Finished Good (FG)	\N
FGT00221	PG SATIN SIGNAL GREEN 4L	01	PHASE 2 APM PACKAGE	L01 - L1 COATINGS	L01	L01 - L1 COATINGS	L01	Finished Good (FG)	\N
FGT00281	GF200 MAROON  4L	01	PHASE 2 APM PACKAGE	L01 - L1 COATINGS	L01	L01 - L1 COATINGS	L01	Finished Good (FG)	\N
FGT00282	PPRO GF 200 PANTONE 7521C	01	PHASE 2 APM PACKAGE	L01 - L1 COATINGS	L01	L01 - L1 COATINGS	L01	Base Material (BM)	\N
FGT00284	WATER-TITE 400 PU MODIFIED WATERPROOFING MEMBRANE	03	CRN RD25-CR006; CRN RD25-CR034	L12 - L12 SPECIAL PRODUCTS - EPOXY BASED	L12	L12 - L12 SPECIAL PRODUCTS - EPOXY BASED	L12	Finished Good (FG)	\N
FGT00355	EPOXY FLOORING LIGHT GRAY 4L	02	CRN RD23-CR055	L01 - L1 COATINGS	L01	L01 - L1 COATINGS	L01	Base Material (BM)	\N
FGT00356	POLYURETHANE LIGHT GRAY 4L	02	CRN RD23-CR055	L01 - L1 COATINGS	L01	L01 - L1 COATINGS	L01	Finished Good (FG)	\N
FGT00359	WATER-TITE 401 PU PLUS 4KG PAIL	03	CRN RD23-CR055	L13 - L13 SPECIAL PRODUCTS - WATER BASED	L13	L13 - L13 SPECIAL PRODUCTS - WATER BASED	L13	Finished Good (FG)	\N
FGT00362	EPOXY STEEL PRIMER RED 4L	02	CRN RD23-CR055	L01 - L1 COATINGS	L01	L01 - L1 COATINGS	L01	Base Material (BM)	\N
FGT00363	EPOXY STEEL PRIMER GRAY 4L	02	CRN RD24-CR001	L01 - L1 COATINGS	L01	L01 - L1 COATINGS	L01	Finished Good (FG)	\N
FGT00366	PG SATIN INSIGNIA BLUE	01	PHASE 2 APM PACKAGE	L01 - L1 COATINGS	L01	L01 - L1 COATINGS	L01	Base Material (BM)	\N
FGT00369	EPOXY PRIMER MASTIC RED 4L	02	CRN RD23-CR036	L01 - L1 COATINGS	L01	L01 - L1 COATINGS	L01	Other / Intermediate	\N
FGT00370	EPOXY PRIMER MASTIC RED 20L	02	CRN RD23-CR036	L01 - L1 COATINGS	L01	L01 - L1 COATINGS	L01	Other / Intermediate	\N
FGT00372	PIOCRYL WHITE 4L	02	CRN RD23-CR055	L01 - L1 COATINGS	L01	L01 - L1 COATINGS	L01	Finished Good (FG)	\N
FGT00376	ANTIFOULING TIE COAT B.RED 4L	02	CRN RD23-CR055	L01 - L1 COATINGS	L01	L01 - L1 COATINGS	L01	Base Material (BM)	\N
FGT00378	EPOXY MASTIC REDUCER 4L	01	PHASE 2 APM PACKAGE	L01 - L1 COATINGS	L01	L01 - L1 COATINGS	L01	Other / Intermediate	\N
FGT00383	EPOXY STEEL PRIMER RED 16L	02	CRN RD23-CR055	L01 - L1 COATINGS	L01	L01 - L1 COATINGS	L01	Finished Good (FG)	\N
FGT00385	PIOCRYL WHITE 20L	02	CRN RD23-CR055	L01 - L1 COATINGS	L01	L01 - L1 COATINGS	L01	Other / Intermediate	\N
FGT00388	ALIPHATIC POLYURETHANE WHITE 16L	02	CRN RD23-CR055	L01 - L1 COATINGS	L01	L01 - L1 COATINGS	L01	Finished Good (FG)	\N
FGT00391	ALKYD HIGH GLOSS WHITE 20L	01	PHASE 2 APM PACKAGE	L01 - L1 COATINGS	L01	L01 - L1 COATINGS	L01	Finished Good (FG)	\N
FGT00393	ANTIFOULING TIE COAT B.RED 16L	02	CRN RD23-CR055	L01 - L1 COATINGS	L01	L01 - L1 COATINGS	L01	Base Material (BM)	\N
FGT00394	ANTIFOULING 1K 20L	02	CRN RD23-CR055	L01 - L1 COATINGS	L01	L01 - L1 COATINGS	L01	Finished Good (FG)	\N
FGT00403	PIOPOXY AF TIE COAT LIGHT GRAY 4L	02	CRN RD24-CR031	L01 - L1 COATINGS	L01	L01 - L1 COATINGS	L01	Finished Good (FG)	\N
FGT00428	FUJI PVC SOLVENT CEMENT 85 ML	02	CRN RD23-CR055	L12 - L12 SPECIAL PRODUCTS - EPOXY BASED	L12	L12 - L12 SPECIAL PRODUCTS - EPOXY BASED	L12	Finished Good (FG)	\N
FGT00429	FUJI PVC SOLVENT CEMENT 400 ML	02	CRN RD23-CR055	L12 - L12 SPECIAL PRODUCTS - EPOXY BASED	L12	L12 - L12 SPECIAL PRODUCTS - EPOXY BASED	L12	Finished Good (FG)	\N
FGT00432	GF 300 STAR MIST 4L	02	CRN RD23-CR055	L01 - L1 COATINGS	L01	L01 - L1 COATINGS	L01	Other / Intermediate	\N
FGT00460	EPOXY ENAMEL SAFETY ORANGE 4L	02	CRN RD23-CR055	L01 - L1 COATINGS	L01	L01 - L1 COATINGS	L01	Base Material (BM)	\N
FGT00461	EPOXY ENAMEL SAFETY RED 4L	02	CRN RD23-CR055	L01 - L1 COATINGS	L01	L01 - L1 COATINGS	L01	Finished Good (FG)	\N
FGT00462	EPOXY ENAMEL SAFETY YELLOW 4L	02	CRN RD23-CR055	L01 - L1 COATINGS	L01	L01 - L1 COATINGS	L01	Finished Good (FG)	\N
FGT00463	EPOXY ENAMEL U. BLUE 4L	02	CRN RD23-CR055	L01 - L1 COATINGS	L01	L01 - L1 COATINGS	L01	Finished Good (FG)	\N
FGT00465	EPOXY ENAMEL BLACK 4L	03	CRN RD25-CR035 (FOR REVIEW)	L01 - L1 COATINGS	L01	L01 - L1 COATINGS	L01	Finished Good (FG)	\N
FGT00468	QUICK DRY ENAMEL BLACK 4L	02	CRN RD23-CR055	L01 - L1 COATINGS	L01	L01 - L1 COATINGS	L01	Finished Good (FG)	\N
FGT00470	QUICK DRY ENAMEL SAFETY BLUE 4L	02	CRN RD23-CR055	L01 - L1 COATINGS	L01	L01 - L1 COATINGS	L01	Finished Good (FG)	\N
FGT00472	QUICK DRY ENAMEL SAFETY ORANGE 4L	02	CRN RD23-CR055	L01 - L1 COATINGS	L01	L01 - L1 COATINGS	L01	Other / Intermediate	\N
FGT00483	QUICK DRY ENAMEL OCEAN BLUE 4L	02	CRN RD23-CR055	L01 - L1 COATINGS	L01	L01 - L1 COATINGS	L01	Base Material (BM)	\N
FGT00485	SPRAYABLE CONTACT ADH 20L	01	PHASE 2 APM PACKAGE	L04B - L4B SEMI AUTO FILLING	L04B	L04B - L4B SEMI AUTO FILLING	L04B	Other / Intermediate	\N
FGT00487	EPOXY ENAMEL JADE GREEN 4L	02	CRN RD23-CR055	L01 - L1 COATINGS	L01	L01 - L1 COATINGS	L01	Finished Good (FG)	\N
FGT00499	BACKING COMPOUND HD 20KG SET	02	CRN RD23-CR024	L12 - L12 SPECIAL PRODUCTS - EPOXY BASED	L12	L12 - L12 SPECIAL PRODUCTS - EPOXY BASED	L12	Other / Intermediate	\N
FGT00502	EPOXY ENAMEL VISMIN U. BLUE 4L	02	CRN RD23-CR055	L01 - L1 COATINGS	L01	L01 - L1 COATINGS	L01	Base Material (BM)	\N
FGT00504	EPOXY ENAMEL CATERPILLAR YELLOW 4L	02	CRN RD23-CR055	L01 - L1 COATINGS	L01	L01 - L1 COATINGS	L01	Other / Intermediate	\N
FGT00508	QUICK DRY ENAMEL CATERPILLAR YELLOW 4L	02	CRN RD23-CR055	L01 - L1 COATINGS	L01	L01 - L1 COATINGS	L01	Finished Good (FG)	\N
FGT00510	EPOXY ENAMEL SIGNAL GREEN 4L	02	CRN RD23-CR055	L01 - L1 COATINGS	L01	L01 - L1 COATINGS	L01	Base Material (BM)	\N
FGT00516	QDE PIO NILE GREEN 4L INTL	02	CRN RD23-CR055	L01 - L1 COATINGS	L01	L01 - L1 COATINGS	L01	Other / Intermediate	\N
FGT00517	EPOXY ENAMEL PIO NILE GREEN 4L	03	CRN RD25-CR035 (FOR REVIEW)	L01 - L1 COATINGS	L01	L01 - L1 COATINGS	L01	Finished Good (FG)	\N
FGT00518	EPOXY ENAMEL GLS DECK GREEN 4L	02	CRN RD23-CR055	L01 - L1 COATINGS	L01	L01 - L1 COATINGS	L01	Base Material (BM)	\N
FGT00538	PIOMASTIC BLACK 20L	02	CRN RD23-CR055	L01 - L1 COATINGS	L01	L01 - L1 COATINGS	L01	Base Material (BM)	\N
FGT00545	QDE PIO INTL YELLOW 4L	02	CRN RD23-CR055	L01 - L1 COATINGS	L01	L01 - L1 COATINGS	L01	Other / Intermediate	\N
FGT00547	QDE PIO INTL RED 4L	02	CRN RD23-CR055	L01 - L1 COATINGS	L01	L01 - L1 COATINGS	L01	Base Material (BM)	\N
FGT00549	QDE FRENCH GREY 4L	02	CRN RD23-CR055	L01 - L1 COATINGS	L01	L01 - L1 COATINGS	L01	Finished Good (FG)	\N
GIP000005	GIP-MIGHTY SEAL TRANSLUCENT	01	PHASE 2 APM PACKAGE	L11 - L11 SILICONE FILLING LINE	L11	L11 - L11 SILICONE FILLING LINE	L11	Other / Intermediate	\N
GIP000051	GIP-MIGHTY GASKET GREY 15G	01	PHASE 2 APM PACKAGE	L11 - L11 SILICONE FILLING LINE	L11	L11 - L11 SILICONE FILLING LINE	L11	Finished Good (FG)	\N
GIP000059	BM-GF 300 YELLOW OXIDE TINT	01	PHASE 2 APM PACKAGE	L01 - L1 COATINGS	L01	L01 - L1 COATINGS	L01	Base Material (BM)	\N
GIP000061	BM-PG GLOSS ULTRAMARINE BLUE 8	02	CRN RD23-CR040	L01 - L1 COATINGS	L01	L01 - L1 COATINGS	L01	Base Material (BM)	\N
GIP000065	BM-PG GLOSS ULTRAMARINE BLUE	01	PHASE 2 APM PACKAGE	L01 - L1 COATINGS	L01	L01 - L1 COATINGS	L01	Base Material (BM)	\N
GIP000067	BM-PG GLOSS CLEAR BASE	01	PHASE 2 APM PACKAGE	L01 - L1 COATINGS	L01	L01 - L1 COATINGS	L01	Base Material (BM)	\N
GIP000077	BM-ENAMEL BLACK TINT	01	PHASE 2 APM PACKAGE	L01 - L1 COATINGS	L01	L01 - L1 COATINGS	L01	Base Material (BM)	\N
GIP000081	BM - ENAMEL PHTHALO BLUE TINT	01	PHASE 2 APM PACKAGE	L01 - L1 COATINGS	L01	L01 - L1 COATINGS	L01	Base Material (BM)	\N
GIP000085	BM-ENAMEL WHITE TINT	01	PHASE 2 APM PACKAGE	L01 - L1 COATINGS	L01	L01 - L1 COATINGS	L01	Base Material (BM)	\N
GIP000096	BM-GF 300 FAST BLUE TINT	01	PHASE 2 APM PACKAGE	L01 - L1 COATINGS	L01	L01 - L1 COATINGS	L01	Base Material (BM)	\N
GIP000097	BM-GF 100 WHITE TINT	01	PHASE 2 APM PACKAGE	L01 - L1 COATINGS	L01	L01 - L1 COATINGS	L01	Base Material (BM)	\N
GIP000116	BM-PU YELLOW OXIDE TINT	01	PHASE 2 APM PACKAGE	L01 - L1 COATINGS	L01	L01 - L1 COATINGS	L01	Base Material (BM)	\N
GIP000117	BM-PU WHITE BASE	01	PHASE 2 APM PACKAGE	L01 - L1 COATINGS	L01	L01 - L1 COATINGS	L01	Base Material (BM)	\N
GIP000147	BULKMIX - PG SATIN CLEAR BASE	01	PHASE 2 APM PACKAGE	L01 - L1 COATINGS	L01	L01 - L1 COATINGS	L01	Base Material (BM)	\N
GIP000149	BULK MIX-ENAMEL PERMANENT RED R170	01	PHASE 2 APM PACKAGE	L01 - L1 COATINGS	L01	L01 - L1 COATINGS	L01	Base Material (BM)	\N
1KPH5A5J01	FG_KOPHENOL HIGHWAY YELLOW	00	PACKAGING MATERIAL: REUSE THE TIN PAIL OF KOPHENOL CREAM	L01 - L1 COATINGS	L01	L01 - L1 COATINGS	L01	Finished Good (FG)	\N
1KRT5A9A12	KORETHAN TC UT6581 RAL 5011 URETHANE TOPCOAT SOLVENT BASED BLUE 16L	01	PHASE 2 APM PACKAGE	L01 - L1 COATINGS	L01	L01 - L1 COATINGS	L01	Finished Good (FG)	\N
1APU5A5I04	PIOTHANE PU TOPCOAT RAL 5011 16L	02	CRN RD23-CR055	L01 - L1 COATINGS	L01	L01 - Line 01 COATINGS	L01	Finished Good (FG)	2
1234567890	dummy123	02	\N	L04B - Line 04B SEMI AUTO FILLING	L04B	\N	\N	Base Material (BM)	400
\.


--
-- Name: activities_id_seq; Type: SEQUENCE SET; Schema: public; Owner: postgres
--

SELECT pg_catalog.setval('public.activities_id_seq', 1319, true);


--
-- Name: line_activities_id_seq; Type: SEQUENCE SET; Schema: public; Owner: postgres
--

SELECT pg_catalog.setval('public.line_activities_id_seq', 392, true);


--
-- Name: activities activities_pkey; Type: CONSTRAINT; Schema: public; Owner: postgres
--

ALTER TABLE ONLY public.activities
    ADD CONSTRAINT activities_pkey PRIMARY KEY (id);


--
-- Name: line_activities line_activities_pkey; Type: CONSTRAINT; Schema: public; Owner: postgres
--

ALTER TABLE ONLY public.line_activities
    ADD CONSTRAINT line_activities_pkey PRIMARY KEY (id);


--
-- Name: line_activities line_activities_production_line_code_activity_name_key; Type: CONSTRAINT; Schema: public; Owner: postgres
--

ALTER TABLE ONLY public.line_activities
    ADD CONSTRAINT line_activities_production_line_code_activity_name_key UNIQUE (production_line_code, activity_name);


--
-- Name: production_lines production_lines_pkey; Type: CONSTRAINT; Schema: public; Owner: postgres
--

ALTER TABLE ONLY public.production_lines
    ADD CONSTRAINT production_lines_pkey PRIMARY KEY (production_line_code);


--
-- Name: products products_pkey; Type: CONSTRAINT; Schema: public; Owner: postgres
--

ALTER TABLE ONLY public.products
    ADD CONSTRAINT products_pkey PRIMARY KEY (inventory_id);


--
-- Name: idx_activities_inventory_id; Type: INDEX; Schema: public; Owner: postgres
--

CREATE INDEX idx_activities_inventory_id ON public.activities USING btree (inventory_id);


--
-- Name: idx_line_activities_line_code; Type: INDEX; Schema: public; Owner: postgres
--

CREATE INDEX idx_line_activities_line_code ON public.line_activities USING btree (production_line_code);


--
-- Name: activities activities_inventory_id_fkey; Type: FK CONSTRAINT; Schema: public; Owner: postgres
--

ALTER TABLE ONLY public.activities
    ADD CONSTRAINT activities_inventory_id_fkey FOREIGN KEY (inventory_id) REFERENCES public.products(inventory_id) ON DELETE CASCADE;


--
-- Name: products fk_products_bm_line; Type: FK CONSTRAINT; Schema: public; Owner: postgres
--

ALTER TABLE ONLY public.products
    ADD CONSTRAINT fk_products_bm_line FOREIGN KEY (bm_production_line_code) REFERENCES public.production_lines(production_line_code);


--
-- Name: products fk_products_fg_line; Type: FK CONSTRAINT; Schema: public; Owner: postgres
--

ALTER TABLE ONLY public.products
    ADD CONSTRAINT fk_products_fg_line FOREIGN KEY (fg_production_line_code) REFERENCES public.production_lines(production_line_code);


--
-- Name: products fk_products_production_line; Type: FK CONSTRAINT; Schema: public; Owner: postgres
--

ALTER TABLE ONLY public.products
    ADD CONSTRAINT fk_products_production_line FOREIGN KEY (bm_production_line_code) REFERENCES public.production_lines(production_line_code) ON UPDATE CASCADE;


--
-- Name: line_activities line_activities_production_line_code_fkey; Type: FK CONSTRAINT; Schema: public; Owner: postgres
--

ALTER TABLE ONLY public.line_activities
    ADD CONSTRAINT line_activities_production_line_code_fkey FOREIGN KEY (production_line_code) REFERENCES public.production_lines(production_line_code) ON UPDATE CASCADE ON DELETE CASCADE;


--
-- PostgreSQL database dump complete
--

\unrestrict lb1pSFwqxliQnXMrZP5BwOorKBEtFwt9HfoihgAMpNFt6hf5A6YDqT7pymSaWVJ

